code,name,description,secuencia,tipoLocalizacion,centroLogistico,ubicacionArea,paisOrigen
WH0006,3,,6,Almacén,,AEROPUERTO INTERNACIONAL JOSE FRANCISCO PEÑA GOMEZ,DO
WH0003,21 ST CENTURY LABELS INTERNATIONAL INC,,3,Almacén,,ZONA FRANCA SANTIAGO - NAVARRETE (PISANO),DO
WH0004,21 ST CENTURY LABELS INTERNATIONAL INC,,4,Almacén,,"Z.F. IND., SANTIAGO I",DO
WH0001,007 MEDIA SRL,,1,Almacén,,"Z.F. IND., SAN ISIDRO",DO
WH0007,3 MT ENTERPRISES INC,,7,Almacén,,NUEVA ZONA FRANCA INDUSTRIAL DE SAN PEDRO DE MACORÍS (CHEM TEC),DO
WH0008,3C TEXTIL S A,,8,Almacén,,ZONA FRANCA INDUSTRIAL DE LA VEGA,DO
WH0002,1992 IMPORTACION CC GENOVA S A,,2,Almacén,,Z.F. COMERCIALES PTO. PTA.,DO
WH0009,4 FANS,,9,Almacén,,Z.F. COMERCIAL PUNTA CANA,DO
WH0010,787 MANAGED SERVICES SRL,,10,Almacén,,ZONAS FRANCAS ESPECIALES,DO
WH0005,2H ENTERPRISE SRL,,5,Almacén,,,
WH0012,9,,12,Almacén,,AEROPUERTO INTERNACIONAL JOSE FRANCISCO PEÑA GOMEZ,DO
WH0018,A&L WIRE COMPANY,,18,Almacén,,DIRECCION GENERAL DE ADUANAS,DO
WH0014,A G SUPPLY SRL,,14,Almacén,,DIRECCION GENERAL DE ADUANAS,DO
WH0015,A J B LIGNA GROUP SRL,,15,Almacén,,"Z.F. IND., A.J.B. LIGNA GROUP",DO
WH0013,A & D GROUP SERVICES S A,,13,Almacén,,"Z.F. SANTIAGO II,NORTE(PISANO)",DO
WH0016,A M J DOMINICAN CORP,,16,Almacén,,"Z.F. IND., SANTIAGO I",DO
WH0011,888 TABAC SRL,,11,Almacén,,"Z.F. IND., SANTIAGO I",DO
WH0017,A V I M F G DOMINICANA S A,,17,Almacén,,ZONA FRANCA INDUSTRIAL DE SAN ISIDRO,DO
WH0019,AAA CLOTHING EXPORTS,,19,Almacén,,"Z.F. IND., LOS ALCARRIZOS",DO
WH0020,AAA CLOTHING EXPORTS,,20,Almacén,,,
WH0023,ABE DESARROLLOS AGRICOLAS TROPICALES EIRL,,23,Almacén,,DIRECCION GENERAL DE ADUANAS,DO
WH0024,ABEJA CIGAR S A,,24,Almacén,,DIRECCION GENERAL DE ADUANAS,DO
WH0025,ABEJA CIGAR S A,,25,Almacén,,DIRECCION GENERAL DE ADUANAS,DO
WH0021,AAREFF SYSTEMS LIMITED,,21,Almacén,,"Z.F. SANTIAGO II,NORTE(PISANO)",DO
WH0026,ABORDAGE SRL,,26,Almacén,,Z.F. SAN CRISTOBAL(LA ARMERIA),DO
WH0022,ABAM CIGARS S A,,22,Almacén,,"Z.F. IND., VILLA MELLA",DO
WH0028,ACCUMED CORP. (NIGUA),,28,Almacén,,"Z.F. IND., SAN CRISTOBAL(NIGUA)",DO
WH0029,"ACCUMED INNOVATIVE TECHNOLOGIES INC., ZFI NIGUA",,29,Almacén,,"Z.F. IND., SAN CRISTOBAL(NIGUA)",DO
WH0030,"ACCUMED INNOVATIVE TECHNOLOGIES LLC, ZFI ITABO",,30,Almacén,,"Z.F. IND., ITABO",DO
WH0027,ACCUMED CORP. (Ext. ITABO),,27,Almacén,,,
WH0032,ACERO DEL CIBAO,,32,Almacén,,DIRECCION GENERAL DE ADUANAS,DO
WH0033,ACERO DEL CIBAO S A,,33,Almacén,,DIRECCION GENERAL DE ADUANAS,DO
WH0034,ACERO DEL CIBAO SRL,,34,Almacén,,DIRECCION GENERAL DE ADUANAS,DO
WH0035,ACERO L Y T SRL,,35,Almacén,,DIRECCION GENERAL DE ADUANAS,DO
WH0036,ACORD CAPITAL SRL,,36,Almacén,,Z.F. ESP. HAINA INTERNATIONAL TERMINALS,DO
WH0031,ACE WIRELESS DOMINICANA C POR A,,31,Almacén,,ZONA FRANCA INDUSTRIAL DE SAN ISIDRO,DO
WH0039,ACRA LEATHER TANNERY S A,,39,Almacén,,"Z.F. IND., SAN FCO. DE MACORIS",DO
WH0040,ACRD INDUSTRIES SRL,,40,Almacén,,ZONA FRANCA INDUSTRIAL CARIBBEAN INDUSTRIAL PARK,DO
WH0037,ACQUIRE BPO SRL,,37,Almacén,,ZONAS FRANCAS ESPECIALES,DO
WH0038,ACQUIRE INTELLIGENCE SRL,,38,Almacén,,,
WH0045,AEROPAQ SRL,,45,Almacén,,AEROPUERTO INTERNACIONAL JOSE FRANCISCO PEÑA GOMEZ,DO
WH0043,ADOMCHIN S A,,43,Almacén,,Z.F. ESP. EMIMAR EXT. 1 NAVARRETE,DO
WH0046,AESC Manufacturing,,46,Almacén,,"Z.F. SANTIAGO II,NORTE(PISANO)",DO
WH0047,AESC MANUFACTURING CORP,,47,Almacén,,"Z.F. SANTIAGO II,NORTE(PISANO)",DO
WH0048,AFA CARIBBEAN LIMITED,,48,Almacén,,"Z.F. IND., SANTIAGO III",DO
WH0049,AFATEX SRL,,49,Almacén,,"Z.F. IND., SANTIAGO III",DO
WH0050,AFATEX SRL,,50,Almacén,,"Z.F. IND., SANTIAGO I",DO
WH0044,ADU CORPORATION SRL,,44,Almacén,,ZONA FRANCA INDUSTRIAL DE LA VEGA,DO
WH0042,"ADOHEALTH SRL, ITABO",,42,Almacén,,ZONA FRANCA INDUSTRIAL DE SAN CRISTÓBAL (ITABO),DO
WH0041,"ADOHEALTH SRL, Extensión Lope de Vega",,41,Almacén,,,
WH0053,AGENCIA TECNICA ADUANAL CARLOS NOUEL & ASOCIADOS SRL,,53,Almacén,,AEROPUERTO PUNTA CANA,DO
WH0055,AGRICOLA FAIRTRASA SRL,,55,Almacén,,DIRECCION GENERAL DE ADUANAS,DO
WH0057,"AGRIFEED, S. A.",,57,Almacén,,DIRECCION GENERAL DE ADUANAS,DO
WH0058,AGRO ECO C POR A,,58,Almacén,,DIRECCION GENERAL DE ADUANAS,DO
WH0060,AGROCOMERCIALIZADORA BANANERA MT S A,,60,Almacén,,DIRECCION GENERAL DE ADUANAS,DO
WH0059,AGRO GLA SRL,,59,Almacén,,Z.F. ESP. AGRO GLA,DO
WH0052,AFZ SUPPLY INC,,52,Almacén,,Z.F. ESPECIAL ZFZ SUPLY,DO
WH0054,AGIO CARIBBEAN TOBACCO COMPANY LTD,,54,Almacén,,"Z.F. IND., S.P.M. CHENTEC",DO
WH0056,AGRICULTURA DEL CIBAO S A,,56,Almacén,,Z.F. ESP. AGRICULTURA DEL CIBAO(LA VEGA),DO
WH0051,AFATEX SRL,,51,Almacén,,,
WH0061,AGROEXPORTADORA RODRIGUEZ VILLAR SRL,,61,Almacén,,DIRECCION GENERAL DE ADUANAS,DO
WH0062,AGROFORESTAL MACAPI S A,,62,Almacén,,DIRECCION GENERAL DE ADUANAS,DO
WH0064,AGROINDUSTRIA OCOENA S A,,64,Almacén,,DIRECCION GENERAL DE ADUANAS,DO
WH0065,AGROINDUSTRIA OCOENA S A,,65,Almacén,,DIRECCION GENERAL DE ADUANAS,DO
WH0068,"AGROMARVELA, SRL",,68,Almacén,,DIRECCION GENERAL DE ADUANAS,DO
WH0069,AGROPLAST C POR A,,69,Almacén,,DIRECCION GENERAL DE ADUANAS,DO
WH0070,AGROPLAST SRL,,70,Almacén,,DIRECCION GENERAL DE ADUANAS,DO
WH0063,AGROGLOBAL MONTE PLATA SRL,,63,Almacén,,ZONA FRANCA AGROPROCESS MONTE PLATA S.R.L.,DO
WH0067,AGROMAPEX INDUSTRIAL SRL,,67,Almacén,,Z.F. SAN CRISTOBAL(LA ARMERIA),DO
WH0066,AGROINDUSTRIAL GAALAND SRL,,66,Almacén,,,
WH0079,ALAMBRES DOMINICANOS,,79,Almacén,,DIRECCION GENERAL DE ADUANAS,DO
WH0072,AGROTECHNOLOGY 10 SRL,,72,Almacén,,Z.F. ESP. AGROTECHNOLOGY 10,DO
WH0080,"ALCOHOLES FINOS DOMINICANOS, S. A.",,80,Almacén,,Z.F. ESP. ALCOHOLES FINOS,DO
WH0073,AHG METAIS PRECIOSOS DR SRL,,73,Almacén,,ZONA FRANCA SANTIAGO - NAVARRETE (PISANO),DO
WH0078,AJR INTERNATIONAL SRL,,78,Almacén,,ZONA FRANCA SANTIAGO - NAVARRETE (PISANO),DO
WH0076,AIRLINK DISTRIBUTION DR SRL,,76,Almacén,,"PARQUE CIBERNÉTICO DE SANTO DOMINGO, S. A.",DO
WH0075,AIR SAFE SRL,,75,Almacén,,"Z.F. IND., SANTIAGO I",DO
WH0074,AICONTROLLER CARIBBEAN SRL,,74,Almacén,,ZONA FRANCA INDUSTRIAL DE SAN ISIDRO,DO
WH0077,AJC CARIBE INC,,77,Almacén,,ZONA FRANCA INDUSTRIAL DE SAN ISIDRO,DO
WH0071,AGROPROYECTO 777 SRL,,71,Almacén,,,
WH0083,ALEVANTE PLASTIC SRL,,83,Almacén,,ZONA FRANCA DE EXPORTACIÓN LA ARMERÍA,DO
WH0087,ALJO DECOR IMPORT & EXPORT SRL,,87,Almacén,,ZONA FRANCA DE EXPORTACIÓN LA ARMERÍA,DO
WH0085,ALIGROUP ALIANCE INTERNATIONAL GROUP S A,,85,Almacén,,"Z.F. IND., SANTIAGO III",DO
WH0082,ALESSI DOMENICO CARIBE SRL,,82,Almacén,,"Z.F. IND., SAN ISIDRO",DO
WH0088,ALL FREE ZONE SUPPLIES S A,,88,Almacén,,ZONA FRANCA INDUSTRIAL LOS ALCARRIZOS,DO
WH0084,ALEXANDER MANUFACTURING COMPANY S A,,84,Almacén,,"Z.F. IND., LA VEGA",DO
WH0090,ALL SPORTZ APPAREL LLC,,90,Almacén,,ZONA FRANCA INDUSTRIAL CARIBBEAN INDUSTRIAL PARK,DO
WH0089,ALL SPORTZ APPAREL LLC,,89,Almacén,,ZONAS FRANCAS INDUSTRIALES,DO
WH0086,ALISTA TRADING S A,,86,Almacén,,ZONAS FRANCAS ESPECIALES,DO
WH0081,ALEGRIA FARMS SRL,,81,Almacén,,,
WH0098,ALMACAR IMPORT/EXPORT,,98,Almacén,,AEROPUERTO PUNTA CANA,DO
WH0099,ALMACARIBE (ALMACENES GENERALES DEL CARIBE),,99,Almacén,,ADMINISTRACION HAINA ORIENTAL,DO
WH0093,ALLIANCE S A (EXT. Z. F. I. GAUTIER),,93,Almacén,,ZONA FRANCA INDUSTRIAL GAUTIER,DO
WH0091,ALLEN SRL,,91,Almacén,,PARQUE INDUSTRIAL LOS CANDELONES,DO
WH0095,ALLIANCE SOLAR SRL,,95,Almacén,,"PARQUE CIBERNÉTICO DE SANTO DOMINGO, S. A.",DO
WH0092,ALLIANCE S A,,92,Almacén,,ZONA FRANCA INDUSTRIAL DE SAN CRISTÓBAL (ITABO),DO
WH0094,"ALLIANCE S A, ZFI ITABO",,94,Almacén,,"Z.F. IND., ITABO",DO
WH0096,ALLIED BRITISH CORPORATION S A,,96,Almacén,,ZONA FRANCA INDUSTRIAL DE BONAO,DO
WH0097,ALLSTAR SPORTZ APPAREL LLC,,97,Almacén,,ZONA FRANCA INDUSTRIAL CARIBBEAN INDUSTRIAL PARK,DO
WH0100,ALMACEN 07,,100,Almacén,,,
WH0102,ALMACEN DE DEPOSITO FISCAL Y GENERAL LAS AMERICAS S A,,102,Almacén,AERPUERTO INTERNACIONAL LICEY,AERPUERTO INTERNACIONAL LICEY,DO
WH0110,ALMACENES FISCALES Y SOLUCIONES ADUANALES ALMAFISA SRL,,110,Almacén,,ADMINISTRACION PUERTO MULTIMODAL CAUCEDO,DO
WH0109,ALMACENES DOMINICANOS DE DEPOSITOS S A S,,109,Almacén,DIRECCION GENERAL DE ADUANAS,ADMINISTRACION HAINA ORIENTAL,DO
WH0101,ALMACEN DE DEPOSITO FISCAL Y GENERAL LAS AMERICAS S A,,101,Almacén,ADMINISTRACION SANTO DOMINGO,ADMINISTRACION SANTO DOMINGO,DO
WH0103,ALMACEN INVERSIONES TUNC,,103,Almacén,,Z.F.COMERCIAL LICEY,DO
WH0104,ALMACEN LENDAR BUSSINES CORPORATION,,104,Almacén,,Z.F. COMERCIALES PTO. PTA.,DO
WH0107,"ALMACEN NATACHA SANCHEZ VDA, TAPIA",,107,Almacén,,Z.F. COMERCIALES PTO. PTA.,DO
WH0108,ALMACEN REALSON ENTERPRISES LIMITED,,108,Almacén,,Z.F. COMERCIAL PUNTA CANA,DO
WH0105,ALMACEN MARAIS GROUP,,105,Almacén,,Z.F. COMERCIAL PUNTA CANA,DO
WH0106,ALMACEN NASTIN DOMINICANA,,106,Almacén,,,
WH0111,ALMACENES REYNOSO CARRASCO & ASOCIADOS SRL,,111,Almacén,,ADMINISTRACION DAJABON,DO
WH0115,ALMADELA SANTIAGO,,115,Almacén,,AERPUERTO INTERNACIONAL LICEY,DO
WH0119,ALMANORTE (ALMACENES ADUANALES DEL NORTE),,119,Almacén,,AERPUERTO INTERNACIONAL LICEY,DO
WH0120,ALMANORTE DEPOSITOS ADUANALES SRL,,120,Almacén,AERPUERTO INTERNACIONAL LICEY,AERPUERTO INTERNACIONAL LICEY,DO
WH0112,ALMACENES Y FRIGORIFICOS DOMINICANOS S A,,112,Almacén,ZONA FRANCA MULTIMODAL CAUCEDO S A,ADMINISTRACION PUERTO MULTIMODAL CAUCEDO,DO
WH0113,ALMACENES Y FRIGORIFICOS DOMINICANOS S A,,113,Almacén,,ADMINISTRACION PUERTO MULTIMODAL CAUCEDO,DO
WH0114,ALMADECA (ALMACENES EMPRESARIALES DE DEPOSITO),,114,Almacén,,ADMINISTRACION HAINA ORIENTAL,DO
WH0118,ALMADOM (ALMACENES DOMINICANOS DE DEPOSITOS),,118,Almacén,,ADMINISTRACION HAINA ORIENTAL,DO
WH0116,ALMADELA SANTO DOMINGO,,116,Almacén,,ADMINISTRACION SANTO DOMINGO,DO
WH0117,"ALMADINA SRL, Almacen",,117,Almacén,,,
WH0122,ALMATRANS (ALMACENES DE DEPOSITO C. x A.),,122,Almacén,,ADMINISTRACION HAINA ORIENTAL,DO
WH0123,ALMATRANS SAS,,123,Almacén,DIRECCION GENERAL DE ADUANAS,ADMINISTRACION HAINA ORIENTAL,DO
WH0121,ALMASANCA (ALMACEN GENERAL DE DEPOSITO SAN ANTONI),,121,Almacén,,ADMINISTRACION HAINA OCCIDENTAL,DO
WH0127,ALPLAST S A,,127,Almacén,,DIRECCION GENERAL DE ADUANAS,DO
WH0129,ALTAGRACIA PROJECT LIMITED,,129,Almacén,,"Z.F. IND., VILLA ALTAGRACIA",DO
WH0130,ALTEX CARIBE S A,,130,Almacén,,"Z.F. IND., SAN ISIDRO",DO
WH0126,ALPHA PLASTICS INC,,126,Almacén,,"Z.F. IND., SAN ISIDRO",DO
WH0128,ALSACKCO SRL,,128,Almacén,,"Z.F. IND., GURABO",DO
WH0124,ALORICA CENTRAL LLC,,124,Almacén,,ZONAS FRANCAS ESPECIALES,DO
WH0125,ALORICA DOMINICANA SRL,,125,Almacén,,,
WH0134,ALUMINIO ROHMER C POR A,,134,Almacén,,DIRECCION GENERAL DE ADUANAS,DO
WH0138,AMBAR COAST LARIMAR,,138,Almacén,,"Z.F. IND., BAHIA DE MAIMON",DO
WH0139,AMBER CONCESSIONS SA,,139,Almacén,,"Z.F. IND., BAHIA DE MAIMON",DO
WH0136,ALUTECHOS SRL,,136,Almacén,,ZONA FRANCA INTERCONTINENTAL,DO
WH0137,ALZA INVESTMENTS LLC,,137,Almacén,,"Z.F. ESP., ALZA INVESTMENT",DO
WH0131,ALTON BUSINESS CORP S A,,131,Almacén,,"PARQUE CIBERNÉTICO DE SANTO DOMINGO, S. A.",DO
WH0135,ALUMINIUM IMPACT PRODUCTS AIP SAS,,135,Almacén,,ZONA FRANCA INDUSTRIAL TAMBORIL,DO
WH0133,ALUMECO S A,,133,Almacén,,ZONA FRANCA INDUSTRIAL SAN PEDRO DE MACORÍS,DO
WH0132,ALUMAXINC DEL CARIBE EIRL,,132,Almacén,,ZONA FRANCA INDUSTRIAL DE SAN ISIDRO,DO
WH0140,AMERICALL GROUP DOMINICANA S A,,140,Almacén,,,
WH0144,AMERICAN RECYCLING S A,,144,Almacén,,Z.F.ESP.AMERICAN RECYCLING(STO DGO),DO
WH0143,AMERICAN PACKAGING CORPORATION,,143,Almacén,,"Z.F. IND., SANTIAGO I",DO
WH0141,AMERICAN CONTRACT ELECTRONICS S A,,141,Almacén,,ZONA FRANCA INDUSTRIAL SAN PEDRO DE MACORÍS,DO
WH0148,AMERICANA JEWEL CLUB INC,,148,Almacén,,ZONA FRANCA INDUSTRIAL DE SAN ISIDRO,DO
WH0149,AMISI COMUNICATIONS S A,,149,Almacén,,ZONA FRANCA INDUSTRIAL DE NIGUA,DO
WH0142,AMERICAN CYBERSYSTEMS LATIN AMERICA INC,,142,Almacén,,ZONA FRANCA INDUSTRIAL PUERTO PLATA,DO
WH0150,AMLAT PCS WIRELESS DOMINICAN REPUBLIC SAS,,150,Almacén,,"Z.F. IND., LAS AMERICAS",DO
WH0145,AMERICAN RECYCLING S A,,145,Almacén,,Z.F. ESPECIAL HAINA,DO
WH0146,AMERICAN STEEL BUILDING CORPORATION,,146,Almacén,,Z.F. ESP. AMERICAN STEEL BUILDING C,DO
WH0147,AMERICAN STEEL BUILDING CORPORATION,,147,Almacén,,,
WH0151,AMLE COMERCIAL C POR A,,151,Almacén,,DIRECCION GENERAL DE ADUANAS,DO
WH0158,ANTONIO MANUEL CESPEDES,,158,Almacén,,DIRECCION GENERAL DE ADUANAS,DO
WH0159,ANTONIO RAMON TAVERAS AGROINDUSTRIAL C POR A,,159,Almacén,,DIRECCION GENERAL DE ADUANAS,DO
WH0152,AMLE INDUSTRIES SRL,,152,Almacén,,"Z.F. IND., GUAZUMAL",DO
WH0154,AMOV INTERNATIONAL TELESERVICES S A,,154,Almacén,,Z.F. ESP. AMOV INTERNATIONAL TELESERVICES,DO
WH0157,ANTILLES MANUFACTURING S A,,157,Almacén,,"Z.F. IND., SANTIAGO I",DO
WH0155,AN ROM LOGISTICS SERVICES C POR A,,155,Almacén,,ZONA FRANCA INDUSTRIAL DE SAN ISIDRO,DO
WH0156,ANTILLEAN MARKETING SERVICES INC,,156,Almacén,,ZONA FRANCA INDUSTRIAL DE NIGUA,DO
WH0153,AMOV INTERNATIONAL TELESERVICES S A,,153,Almacén,,"Z.F. IND., HAINAMOSA",DO
WH0160,ANTONIO RAMON TAVERAS AGROINDUSTRIAL C POR A,,160,Almacén,,,
WH0161,APORDOM,,161,Almacén,,ADMINISTRACION BOCA CHICA,DO
WH0164,AQUA AGRO LIMITED,,164,Almacén,,DIRECCION GENERAL DE ADUANAS,DO
WH0165,AQUA ARMOR NEW MATERIAL ANM SRL,,165,Almacén,,ZONA FRANCA INDUSTRIAL RIOSUR II,DO
WH0166,ARANTZA DUTY FREE SHOP,,166,Almacén,,"Z.F. IND., BAHIA DE MAIMON",DO
WH0167,"ARCADIO DIAZ INTERNATIONAL, S A",,167,Almacén,,"Z.F. IND., SANTIAGO I",DO
WH0162,APPAREL GROUP INTERNATIONAL,,162,Almacén,,"Z.F. IND., SANTIAGO I",DO
WH0163,APPAREL MACHINERY & SUPPLY CO,,163,Almacén,,"Z.F. IND., SANTIAGO I",DO
WH0168,ARCOBALENO CHAIN,,168,Almacén,,ZONA FRANCA INDUSTRIAL SAN PEDRO DE MACORÍS,DO
WH0169,ARCOIRIS DOMINICANA C POR A,,169,Almacén,,"Z.F. IND., SAN PEDRO DE MACORI",DO
WH0170,ARIA FASHIONS S A,,170,Almacén,,,
WH0177,ARTESANIA TAMBORIL S A,,177,Almacén,,Z.F.ESP.ARTESANIA CANCA(STGO),DO
WH0173,ARNOLD ANDRE DOMINICANA SRL,,173,Almacén,,"Z.F. IND., SANTIAGO I",DO
WH0175,ARPAD TECHNOLOGIES SRL,,175,Almacén,,ZONA FRANCA INDUSTRIAL SAN PEDRO DE MACORÍS,DO
WH0176,ARRIOL INTERNATIONAL S A,,176,Almacén,,"Z.F. IND., SAN ISIDRO",DO
WH0172,ARK DOMINICAN REPUBLIC SRL,,172,Almacén,,ZONA FRANCA INDUSTRIAL DE SAN ISIDRO,DO
WH0174,ARON SANDERS N FATHER SRL,,174,Almacén,,ZONA FRANCA INDUSTRIAL DE NAVARRETE,DO
WH0171,ARJO DOMINICAN REPUBLIC SA,,171,Almacén,,ZONA FRANCA INDUSTRIAL DE SAN CRISTÓBAL (ITABO),DO
WH0179,ARTICULOS DE PIEL LOS FAVORITOS C POR A,,179,Almacén,,Z.F. ESPECIAL SANTIAGO,DO
WH0180,ARTICULOS DE PIEL LOS FAVORITOS C POR A,,180,Almacén,,Z.F. ESPECIAL SANTIAGO,DO
WH0178,ARTESANIA TAMBORIL SRL,,178,Almacén,,,
WH0187,ASOCIACION DE CONCESIONARIOS DE FABRICANTES DE VEHICULOS INC,,187,Almacén,,ADMINISTRACION SANTO DOMINGO,DO
WH0181,ARTICULOS DE PIEL LOS FAVORITOS C POR A,,181,Almacén,,"PARQUE INDUSTRIAL Y DE SERVICIOS YAQUE, S. A.",DO
WH0182,AS ATHLETICS S R L (LA ARMERIA),,182,Almacén,,Z.F. SAN CRISTOBAL(LA ARMERIA),DO
WH0185,ASG TOBACCO TRADERS SRL,,185,Almacén,,ZONA FRANCA INDUSTRIAL TAMBORIL,DO
WH0186,ASHEBORO ELASTICS DOMINICANA S A,,186,Almacén,,"Z.F. IND., SANTIAGO I",DO
WH0184,"ASES MANUFACTURING SRL, SPM",,184,Almacén,,"Z.F. IND., SAN PEDRO DE MACORI",DO
WH0188,ATACAMA S A,,188,Almacén,,NUEVA ZONA FRANCA INDUSTRIAL DE SAN PEDRO DE MACORÍS (CHEM TEC),DO
WH0190,ATLANTIC MANUFACTURING S A,,190,Almacén,,"Z.F. IND., PUERTO PLATA",DO
WH0183,ASDR AMERICAN SUPPLY DOMINICAN REPUBLIC SRL,,183,Almacén,,ZONA FRANCA INDUSTRIAL DE GURABO,DO
WH0189,ATLANTIC CARIBBEAN PACKAGING S A,,189,Almacén,,,
WH0198,AVIAT LOGISTICS SERVICES SAS,,198,Almacén,ZONA FRANCA MULTIMODAL CAUCEDO S A,ADMINISTRACION PUERTO MULTIMODAL CAUCEDO,DO
WH0196,AVIAM LTD,,196,Almacén,,ADMINISTRACION HAINA ORIENTAL,DO
WH0194,AVENTURA BOATS SRL,,194,Almacén,,"Z.F. IND., LUPERON VERDE",DO
WH0191,ATLANTIC STEEL PIPELINE SRL,,191,Almacén,,ZONA FRANCA INDUSTRIAL RIOSUR,DO
WH0195,AVERY DENNISON DOMINICAN REPUBLIC S A,,195,Almacén,,ZONA FRANCA SANTIAGO - NAVARRETE (PISANO),DO
WH0199,AVOCADO OIL WORLD FEVABOR SRL,,199,Almacén,,ZONA FRANCA SANTIAGO - NAVARRETE (PISANO),DO
WH0197,AVIAT LOGISTICS SERVICES SAS,,197,Almacén,,Z.F. IND. MULTIMODAL CAUCEDO,DO
WH0193,AVA TAX & DUTY FREE,,193,Almacén,,Z.F. COMERCIAL PUNTA CANA,DO
WH0200,AWM CARIBBEAN LLC,,200,Almacén,,ZONA FRANCA INDUSTRIAL CARIBBEAN INDUSTRIAL PARK,DO
WH0192,AUXILIARES TEXTILES S A,,192,Almacén,,,
WH0205,B S G CARGO SA,,205,Almacén,,AEROPUERTO INTERNACIONAL JOSE FRANCISCO PEÑA GOMEZ,DO
WH0207,B Y R C POR A,,207,Almacén,,DIRECCION GENERAL DE ADUANAS,DO
WH0204,B LEATHER MANUFACTURING,,204,Almacén,,"PARQUE INDUSTRIAL Y DE SERVICIOS YAQUE, S. A.",DO
WH0202,B & B PLASTIC S A,,202,Almacén,,ZONA FRANCA INDUSTRIAL DE VILLA ALTAGRACIA,DO
WH0209,B1 COMPANY SRL,,209,Almacén,,ZONA FRANCA INDUSTRIAL SAN PEDRO DE MACORÍS,DO
WH0201,AZODR SRL,,201,Almacén,,"Z.F. IND., SAN ISIDRO",DO
WH0203,B BRAUN DOMINICAN REPUBLIC INC,,203,Almacén,,ZONA FRANCA INDUSTRIAL DE LAS AMERICAS,DO
WH0208,B&K TRADING SRL,,208,Almacén,,"Z.F. IND., LA VEGA",DO
WH0210,BACK & FORTH LOGISTICS SRL,,210,Almacén,,GLOBAL ZONA FRANCA INDUSTRIAL,DO
WH0206,B Y P OVERSEAS INTERNATIONAL S A,,206,Almacén,,,
WH0214,BALDOSAS DE GRANITO C X A,,214,Almacén,,DIRECCION GENERAL DE ADUANAS,DO
WH0218,BANACARIBE S A S,,218,Almacén,,DIRECCION GENERAL DE ADUANAS,DO
WH0219,BANALASA SRL,,219,Almacén,,DIRECCION GENERAL DE ADUANAS,DO
WH0220,BANAMA S A,,220,Almacén,,DIRECCION GENERAL DE ADUANAS,DO
WH0213,BALANCE POINT INTERNATIONAL INC,,213,Almacén,,"Z.F. IND., SANTIAGO III",DO
WH0215,BALDWIN & EBENEZER DOMINICANA S A,,215,Almacén,,"Z.F. IND., SANTIAGO I",DO
WH0216,BALI DOMINICANA TEXTILES S A,,216,Almacén,,ZONA FRANCA INDUSTRIAL SAN PEDRO DE MACORÍS,DO
WH0211,BAINSA ZF SRL,,211,Almacén,,ZONA FRANCA INDUSTRIAL SAN PEDRO DE MACORÍS,DO
WH0212,BAIT MANUFACTURING S A,,212,Almacén,,ZONA FRANCA INDUSTRIAL LOS ALCARRIZOS,DO
WH0217,BAMA CIBAO SRL,,217,Almacén,,,
WH0226,BANSIN SRL,,226,Almacén,ZONA FRANCA MULTIMODAL CAUCEDO S A,ADMINISTRACION PUERTO MULTIMODAL CAUCEDO,DO
WH0227,BARCELO & COMPANIA C POR A,,227,Almacén,,DIRECCION GENERAL DE ADUANAS,DO
WH0228,"BARCELO EXPORT IMPORT, C POR A.",,228,Almacén,,DIRECCION GENERAL DE ADUANAS,DO
WH0221,BANAMEK INTERNATIONAL CORP,,221,Almacén,,DIRECCION GENERAL DE ADUANAS,DO
WH0222,BANANOSA S A,,222,Almacén,,DIRECCION GENERAL DE ADUANAS,DO
WH0223,BANANOSA S A,,223,Almacén,,DIRECCION GENERAL DE ADUANAS,DO
WH0224,BANIS BUSINESS INC,,224,Almacén,,PARQUE ZONAS FRANCAS INDUSTRIAL DE EXPORTACIONES BANIS BUSINESS INC,DO
WH0225,BANSIN SRL,,225,Almacén,,"Z.F. IND., BANSIN",DO
WH0229,BARCELO INTERNACIONAL,,229,Almacén,,ZONA FRANCA INDUSTRIAL SAN PEDRO DE MACORÍS,DO
WH0230,"BARCELO INTERNACIONAL S A, SPM",,230,Almacén,,,
WH0232,BAYACAO MUNDIAL PREMIUM SRL,,232,Almacén,,ZONA FRANCA AGROPROCESS MONTE PLATA S.R.L.,DO
WH0234,BBF AVOOIL SRL,,234,Almacén,,ZONA FRANCA INDUSTRIAL AVOCADO ACRES,DO
WH0235,BBF&N DOMINICAN LLC,,235,Almacén,,ZONA FRANCA INDUSTRIAL AVOCADO ACRES,DO
WH0233,BBC FACTORY SRL,,233,Almacén,,ZONA FRANCA INDUSTRIAL TAMBORIL,DO
WH0238,BEACHWOOD INVESTMENTS SRL,,238,Almacén,,"Z.F. IND., SAN ISIDRO",DO
WH0239,BEECH MEADOW SRL,,239,Almacén,,ZONA FRANCA INDUSTRIAL DE LA VEGA,DO
WH0231,BAXTER HEALTHCARE S A,,231,Almacén,,"Z.F. IND., ITABO",DO
WH0240,BEHIND THE SCENE MFG INC,,240,Almacén,,ZONA FRANCA INDUSTRIAL CARIBBEAN INDUSTRIAL PARK,DO
WH0237,BEACH SHOP,,237,Almacén,,ZONAS FRANCAS COMERCIALES,DO
WH0236,BE ORGANIC 2 SRL,,236,Almacén,,,
WH0247,BIC DOMINICAN LLC,,247,Almacén,,ZONA FRANCA INDUSTRIAL SAN JOSE DE OCOA,DO
WH0248,BIC DOMINICAN LLC,,248,Almacén,,ZONA FRANCA INDUSTRIAL SAN JOSE DE OCOA,DO
WH0249,BIC DOMINICAN LLC,,249,Almacén,,ZONA FRANCA INDUSTRIAL SAN JOSE DE OCOA,DO
WH0250,BIC DOMINICAN LLC,,250,Almacén,,ZONA FRANCA INDUSTRIAL SAN JOSE DE OCOA,DO
WH0242,BELOR IMPORT C POR A,,242,Almacén,,ZONA FRANCA INDUSTRIAL SAN PEDRO DE MACORÍS,DO
WH0245,BEVELAND CARIBE SRL,,245,Almacén,,ZONA FRANCA INDUSTRIAL SAN PEDRO DE MACORÍS,DO
WH0244,BETTER BUILDINGS SOLUTIONS,,244,Almacén,,"Z.F. IND., ROMANA II",DO
WH0241,BELMONTI HAT CO INC SRL,,241,Almacén,,ZONA FRANCA INDUSTRIAL DE NAVARRETE,DO
WH0243,"BERMUDA BEACH M & R SRL, Almacen",,243,Almacén,,Z.F. COMERCIAL PUNTA CANA,DO
WH0246,BG INVESTMENT GROUP,,246,Almacén,,,
WH0253,BILLA DUTY FREE SRL,,253,Almacén,,AEROPUERTO PUNTA CANA,DO
WH0257,BIO TROPIC SRL,,257,Almacén,,DIRECCION GENERAL DE ADUANAS,DO
WH0254,BILLING EXPRESS DM CORP SRL (EXT. PUEBLO NUEVO-SANTIAGO),,254,Almacén,,"Z.F. BILLING EXPRESS DM CORP, S. R. L. (EXTENSIÓN PUEBLO NUEVO)",DO
WH0251,BIC DOMINICAN LLC (EXTENSION SAN JOSE DE OCOA),,251,Almacén,,ZONA FRANCA INDUSTRIAL AVOCADO ACRES,DO
WH0260,BISMONT ECORECYCLING SRL,,260,Almacén,,ZONA FRANCA INDUSTRIAL Y DE SERVICIOS NORTE INFIESTO,DO
WH0256,BIO PRODUCTS 4U EIRL,,256,Almacén,,"Z.F. IND., SANTIAGO III",DO
WH0252,BIJOU AMORE DR SRL,,252,Almacén,,ZONA FRANCA INDUSTRIAL PUERTO PLATA,DO
WH0255,BIO FLEX E.I.R.L.,,255,Almacén,,"Z.F. IND., LOS ALCARRIZOS",DO
WH0258,BIO-GEN CORP LTD,,258,Almacén,,ZONA FRANCA INDUSTRIAL DE LAS AMERICAS,DO
WH0259,BIOQUIMICA INTERNACIONAL SRL,,259,Almacén,,,
WH0262,BLAXXC CONSULTING SRL,,262,Almacén,ZONA FRANCA MULTIMODAL CAUCEDO S A,ADMINISTRACION PUERTO MULTIMODAL CAUCEDO,DO
WH0268,BM CARGO LOGISTICS SRL,,268,Almacén,ZONA FRANCA MULTIMODAL CAUCEDO S A,ADMINISTRACION PUERTO MULTIMODAL CAUCEDO,DO
WH0269,BODEGAS GARRIS SRL,,269,Almacén,,DIRECCION GENERAL DE ADUANAS,DO
WH0264,BLUE MINE AMBER-LARIMAR MUSEUM STORE,,264,Almacén,,"Z.F. IND., BAHIA DE MAIMON",DO
WH0267,BM CARGO LOGISTICS SRL,,267,Almacén,,Z.F. IND. MULTIMODAL CAUCEDO,DO
WH0263,BLUE LABEL MANUFACTURING INC,,263,Almacén,,ZONA FRANCA INDUSTRIAL SAN PEDRO DE MACORÍS,DO
WH0265,BLUE STAR TABAC DOMINICANA SRL,,265,Almacén,,PARQUE INDUSTRIAL LLANOS DE CANCA (STGO.),DO
WH0261,BLANCO INTERNATIONAL S A,,261,Almacén,,"Z.F. IND., LA VEGA",DO
WH0270,BODEGAS PEDRO OLIVER SA,,270,Almacén,,"Z.F. IND., HATO NUEVO",DO
WH0266,BLUECROWN DOMINICANA SRL,,266,Almacén,,,
WH0271,BODEGAS PERALTA CARABALLO SRL,,271,Almacén,,DIRECCION GENERAL DE ADUANAS,DO
WH0278,BORACAY VENTURES S A,,278,Almacén,,ZONA FRANCA INDUSTRIAL SAN JOSE DE OCOA,DO
WH0272,BOJOS TANNING INC,,272,Almacén,,ECOPARK INDUSTRIAL FREE ZONE,DO
WH0279,BORDADOS SAMUEL KIM S A,,279,Almacén,,ZONA FRANCA INDUSTRIAL DE VILLA ALTAGRACIA,DO
WH0277,BOOMBAH DOMINICANA SRL,,277,Almacén,,"Z.F. IND., SANTIAGO I",DO
WH0273,BOJOS TANNING INC (EXTENSION),,273,Almacén,,"Z.F. IND., SANTIAGO I",DO
WH0276,BONNIE & LINDA FASHIONS S A,,276,Almacén,,ZONA FRANCA INDUSTRIAL SAN PEDRO DE MACORÍS,DO
WH0274,BOLDSTEP INVESTMENTS SRL,,274,Almacén,,ZONA FRANCA INDUSTRIAL PUERTO PLATA,DO
WH0275,BONANZA KNITTING SRL,,275,Almacén,,"Z.F. IND., BARAHONA",DO
WH0280,BOS BUSINESS OUTSOURCING SOLUTION SAS,,280,Almacén,,,
WH0289,BRENTAG CARIBE S. A.,,289,Almacén,,ADMINISTRACION HAINA ORIENTAL,DO
WH0286,"BRAVO CIGARS FACTORY, S. A",,286,Almacén,,DIRECCION GENERAL DE ADUANAS,DO
WH0281,BOSTON HOLDING GROUP,,281,Almacén,,Z.F.ESP.BOSTON HOLDING GROUP(STO DG,DO
WH0283,BRANDFIELD MFG C POR A,,283,Almacén,,ZONA FRANCA INDUSTRIAL DE SAN ISIDRO,DO
WH0290,BRESTO LEAF SRL,,290,Almacén,,ZONA FRANCA INDUSTRIAL PUERTO PLATA,DO
WH0282,BOUTIQUE THE POPPY SHOP,,282,Almacén,,Z.F. COMERCIAL PUNTA CANA,DO
WH0284,BRANDM APPAREL DOMINICAN REPUBLIC LTD,,284,Almacén,,"Z.F. CARIBBEAN PARK, MATANZA",DO
WH0285,BRANDM PRINTING LTD,,285,Almacén,,"Z.F. CARIBBEAN PARK, MATANZA",DO
WH0287,BREATHLESS BOUTIQUE,,287,Almacén,,ZONAS FRANCAS COMERCIALES,DO
WH0288,BREATHLESS STORE,,288,Almacén,,,
WH0297,BRUGAL & CO S A,,297,Almacén,,DIRECCION GENERAL DE ADUANAS,DO
WH0299,BUILTRITE WORLD SRL,,299,Almacén,,ZONA FRANCA INDUSTRIAL DE HATILLO,DO
WH0298,BRYN MAWR CORPORATION S A,,298,Almacén,,"Z.F. IND., SANTIAGO I",DO
WH0293,BRITCARIB TEXTILES SRL,,293,Almacén,,"Z.F. IND., SANTIAGO I",DO
WH0296,BROYDE CORPORATION S A,,296,Almacén,,ZONA FRANCA INDUSTRIAL SAN PEDRO DE MACORÍS,DO
WH0291,BRIDESHORE SRL,,291,Almacén,,ZONA FRANCA INDUSTRIAL DE LA ROMANA II,DO
WH0300,BURGNESS ENTERPRISES SRL,,300,Almacén,,ZONA FRANCA INDUSTRIAL DEL SEIBO,DO
WH0292,BRISAS DEL CARIBE CORP,,292,Almacén,,Z.F. COMERCIAL PUNTA CANA,DO
WH0294,BRITE GLOBAL SOLUTIONS SRL,,294,Almacén,,ZONAS FRANCAS INDUSTRIALES,DO
WH0295,BROADWAY SUPPORT SERVICES SRL,,295,Almacén,,,
WH0301,BUSINESS MAIL SA,,301,Almacén,,AEROPUERTO INTERNACIONAL JOSE FRANCISCO PEÑA GOMEZ,DO
WH0307,C P S S A,,307,Almacén,,AEROPUERTO INTERNACIONAL JOSE FRANCISCO PEÑA GOMEZ,DO
WH0304,C & P AGRICOLAS S A,,304,Almacén,,DIRECCION GENERAL DE ADUANAS,DO
WH0305,C & S INDUSTRIES S A,,305,Almacén,,"Z.F. SANTIAGO II,NORTE(PISANO)",DO
WH0303,C & F INDUSTRIES INC,,303,Almacén,,"Z.F. IND., SANTIAGO I",DO
WH0306,C G S FOODS CARIBBEAN SRL,,306,Almacén,,ZONA FRANCA INDUSTRIAL DE SAN ISIDRO,DO
WH0308,"CA D ORO, INC.",,308,Almacén,,ZONA FRANCA INDUSTRIAL DE LA ROMANA I,DO
WH0310,CAC INTERNATIONAL TOBACCO TRADING CO SRL,,310,Almacén,,Z.F. PARQUE INDUSTRIAL LA PALMA,DO
WH0309,CABA TEXTIL S A,,309,Almacén,,ZONA FRANCA INDUSTRIAL DE LA VEGA,DO
WH0302,BUZZ INTERNATIONAL TOBACCO SRL,,302,Almacén,,,
WH0313,CALIXTO ART EXPORT & IMPORT SRL,,313,Almacén,,DIRECCION GENERAL DE ADUANAS,DO
WH0314,CALIXTO CASTILLO,,314,Almacén,,DIRECCION GENERAL DE ADUANAS,DO
WH0315,CALIXTO CASTILLO DE LOS SANTOS,,315,Almacén,,DIRECCION GENERAL DE ADUANAS,DO
WH0316,CALIXTO E. CASTILLO,,316,Almacén,,DIRECCION GENERAL DE ADUANAS,DO
WH0311,CAFE EL CIELO,,311,Almacén,,"Z.F. IND., BAHIA DE MAIMON",DO
WH0318,CALLMAX DOMINICANA SRL,,318,Almacén,,"Z.F. IND., SANTIAGO I",DO
WH0320,CAMILA APPAREL S A,,320,Almacén,,"Z.F. IND., LA VEGA",DO
WH0312,CAFIESA R D VIRGIN ISLANDS INC,,312,Almacén,,Z.F. ESPECIAL CAFIESA (S.F.M.),DO
WH0319,CALLMAX DOMINICANA SRL (EXTENSION DISTRITO NACIONAL),,319,Almacén,,ZONAS FRANCAS ESPECIALES,DO
WH0317,CALL LAB SRL,,317,Almacén,,,
WH0328,CARALINDA AGROINDUSTRIAL SRL,,328,Almacén,,DIRECCION GENERAL DE ADUANAS,DO
WH0327,CAPEAT CORP SRL,,327,Almacén,,HIGUERO INDUSTRIAL PARK,DO
WH0325,CAPAS NACIONALES SRL,,325,Almacén,,"Z.F. IND., SANTIAGO III",DO
WH0326,CAPAZ INTERNATIONAL S A,,326,Almacén,,"Z.F. IND., SAN PEDRO DE MACORIS",DO
WH0323,CANDY FACTORY DR S A,,323,Almacén,,ZONA FRANCA INDUSTRIAL DE SAN ISIDRO,DO
WH0324,CANTINA LATINA,,324,Almacén,,ZONA FRANCA INDUSTRIAL PUERTO PLATA,DO
WH0322,CANCALL INTERNATIONAL S A,,322,Almacén,,"Z.F. IND., PUERTO PLATA",DO
WH0329,CARDINAL HEALTH D R 203 II LTD,,329,Almacén,,ZONA FRANCA INDUSTRIAL DE LAS AMERICAS,DO
WH0330,CAREFUSION D R 203 LTD,,330,Almacén,,"Z.F. IND., LAS AMERICAS",DO
WH0321,CAMSA TRADING CORPORATION S A,,321,Almacén,,,
WH0338,CARIBBEAN FOAM INDUSTRIES,,338,Almacén,,DIRECCION GENERAL DE ADUANAS,DO
WH0339,CARIBBEAN FOAM INDUSTRIES,,339,Almacén,,DIRECCION GENERAL DE ADUANAS,DO
WH0340,CARIBBEAN FOAM INDUSTRIES,,340,Almacén,,DIRECCION GENERAL DE ADUANAS,DO
WH0335,"CARIBBEAN CATERING SERVICES SRL, Aerop. Punta Cana",,335,Almacén,,Z.F. ESP. CARIBBEAN CATERING SERVICES(EXT. PUNTA CANA),DO
WH0336,"CARIBBEAN CATERING SERVICES SRL, Ext. Boulevard Punta Cana",,336,Almacén,,Z.F. ESP. CARIBBEAN CATERING SERVICES(EXT. PUNTA CANA),DO
WH0332,CARIBBEAN BIOTECH LABS SRL,,332,Almacén,,Z.F. PARQUE CIBERNETICO,DO
WH0331,CARIB HAIR FACTORY S A,,331,Almacén,,"Z.F. IND., SAN CRISTOBAL(NIGUA)",DO
WH0337,CARIBBEAN CUSTOM MOLD,,337,Almacén,,"Z.F. IND., LAS AMERICAS",DO
WH0333,"CARIBBEAN CATERING SERVICES S A, Aerop. La Romana",,333,Almacén,,ZONAS FRANCAS ESPECIALES,DO
WH0334,"CARIBBEAN CATERING SERVICES S A, Aerop. Santiago",,334,Almacén,,,
WH0341,CARIBBEAN FOAM INDUSTRIES,,341,Almacén,,DIRECCION GENERAL DE ADUANAS,DO
WH0342,CARIBBEAN FOAM INDUSTRIES,,342,Almacén,,DIRECCION GENERAL DE ADUANAS,DO
WH0343,CARIBBEAN FOAM INDUSTRIES,,343,Almacén,,DIRECCION GENERAL DE ADUANAS,DO
WH0347,CARIBBEAN LABEL CRAFTS DOMINICANA SRL,,347,Almacén,,PARQUE ZONA FRANCA HISPANIOLA FREE ZONE PARK (STO. DGO.),DO
WH0345,CARIBBEAN GLASS INDUSTRY SA,,345,Almacén,,PARQUE INDUSTRIAL CARIBBEAN GLASS,DO
WH0344,CARIBBEAN GALAXY ALUMINUM SRL,,344,Almacén,,ZONA FRANCA INDUSTRIAL RIOSUR,DO
WH0350,CARIBBEAN MANUFACTURING SOLUTIONS,,350,Almacén,,"PARQUE CIBERNÉTICO DE SANTO DOMINGO, S. A.",DO
WH0348,CARIBBEAN LIQUID SUGAR RJH C POR A,,348,Almacén,,"Z.F. IND., HATO NUEVO",DO
WH0349,CARIBBEAN LUMINOR ENERGY SRL,,349,Almacén,,ZONA FRANCA INDUSTRIAL CARIBBEAN INDUSTRIAL PARK,DO
WH0346,CARIBBEAN INDUSTRIAL PARK DE LA REPUBLICA DOMINICANA S A,,346,Almacén,,,
WH0360,CARIBBEAN STRUCTURES REFUGIOS VERDES SRL,,360,Almacén,,PARQUE INDUSTRIAL LOS CANDELONES,DO
WH0358,CARIBBEAN STEEL & TUBE S A,,358,Almacén,,"Z.F. IND., SAN PEDRO DE MACORI",DO
WH0359,CARIBBEAN STEEL AND TUBE S A,,359,Almacén,,"Z.F. IND., SAN PEDRO DE MACORI",DO
WH0351,CARIBBEAN MARKETING SERVICES DOMINICANA S A,,351,Almacén,,"Z.F. IND., SAN CRISTOBAL(NIGUA)",DO
WH0352,CARIBBEAN PLASTIC SHOES S A,,352,Almacén,,ZONA FRANCA INDUSTRIAL DE MOCA,DO
WH0354,CARIBBEAN RECICLYNG S R L,,354,Almacén,,"Z.F. IND., LOS ALCARRIZOS",DO
WH0355,CARIBBEAN S CIGARS SHOP M A S A,,355,Almacén,,"Z.F. IND., HIGUEY",DO
WH0356,CARIBBEAN SOUVENIRS KIOSCO NO. 2,,356,Almacén,,Z.F. COMERCIAL PUNTA CANA,DO
WH0357,CARIBBEAN SOUVENIRS LOBBY NO. 1,,357,Almacén,,Z.F. COMERCIAL PUNTA CANA,DO
WH0353,CARIBBEAN RECICLYNG S R L,,353,Almacén,,,
WH0370,CARIBETRANS S A,,370,Almacén,,AEROPUERTO INTERNACIONAL JOSE FRANCISCO PEÑA GOMEZ,DO
WH0368,CARIBETRANS LOGISTICS SRL,,368,Almacén,ZONA FRANCA MULTIMODAL CAUCEDO S A,ADMINISTRACION PUERTO MULTIMODAL CAUCEDO,DO
WH0365,CARIBETRANS EXTENSION SEIN,,365,Almacén,,ADMINISTRACION HAINA ORIENTAL,DO
WH0366,CARIBETRANS HAINA ORIENTAL,,366,Almacén,,ADMINISTRACION HAINA ORIENTAL,DO
WH0369,CARIBETRANS LOGISTICS SRL,,369,Almacén,,Z.F.IND. INTERCONTINENTAL,DO
WH0361,CARIBBEAN SUBLIMATION LLC,,361,Almacén,,ZONA FRANCA SANTIAGO - NAVARRETE (PISANO),DO
WH0362,CARIBBEAN TECHNOLOGIES MANUFACTURING SA,,362,Almacén,,ZONA FRANCA INDUSTRIAL DE SAN ISIDRO,DO
WH0364,CARIBE INDUSTRIES LLC,,364,Almacén,,ZONA FRANCA INDUSTRIAL DE LA ROMANA I,DO
WH0363,CARIBE APPAREL S A,,363,Almacén,,ZONA FRANCA INDUSTRIAL DE MOCA,DO
WH0367,CARIBETRANS LOGISTICS SRL,,367,Almacén,,,
WH0378,CARIBEX WORLDWIDE S R L,,378,Almacén,,AEROPUERTO INTERNACIONAL JOSE FRANCISCO PEÑA GOMEZ,DO
WH0371,CARIBETRANS SANTIAGO,,371,Almacén,,AERPUERTO INTERNACIONAL LICEY,DO
WH0372,CARIBETRANS SAS,,372,Almacén,DIRECCION GENERAL DE ADUANAS,ADMINISTRACION HAINA ORIENTAL,DO
WH0373,CARIBETRANS SAS,,373,Almacén,DIRECCION GENERAL DE ADUANAS,ADMINISTRACION HAINA ORIENTAL,DO
WH0377,CARIBEX WORLDWIDE S R L,,377,Almacén,,ADMINISTRACION SANTO DOMINGO,DO
WH0380,CAROLINA ELECTRIC IMPORT C POR A,,380,Almacén,,"Z.F. SANTIAGO II,NORTE(PISANO)",DO
WH0376,CARIBEX VMI SRL,,376,Almacén,,ZONA FRANCA INDUSTRIAL SAN PEDRO DE MACORÍS,DO
WH0374,CARIBEX DOMINICANA SA,,374,Almacén,,"Z.F. IND., SAN CRISTOBAL(NIGUA)",DO
WH0375,CARIBEX LOGISTICS C POR A,,375,Almacén,,"Z.F. IND., SAN CRISTOBAL(NIGUA)",DO
WH0379,CARIDRYED CARIBBEAN DRYED FRUIT SRL,,379,Almacén,,,
WH0381,CARTONERA RIERBA S A,,381,Almacén,,DIRECCION GENERAL DE ADUANAS,DO
WH0383,CARTONES DEL CARIBE S A,,383,Almacén,,DIRECCION GENERAL DE ADUANAS,DO
WH0385,CASA CALIN S A,,385,Almacén,,DIRECCION GENERAL DE ADUANAS,DO
WH0386,CASA CALIN SRL,,386,Almacén,,DIRECCION GENERAL DE ADUANAS,DO
WH0390,CAUCEDO MARINE SERVICE LTD (EXT. ZONA FRANCA HIT),,390,Almacén,,ZONA FRANCA HIT,DO
WH0382,CARTONERA UPI SAS,,382,Almacén,,"Z.F. IND., VILLA ALTAGRACIA",DO
WH0387,CASA CARRILLO S A,,387,Almacén,,"Z.F. IND., SANTIAGO I",DO
WH0384,CARUSO HOLDINGS COMPANY SRL,,384,Almacén,,"Z.F. IND., ROMANA I",DO
WH0388,CASAMORABO SRL,,388,Almacén,,ZONA FRANCA INDUSTRIAL DE GURABO,DO
WH0389,CAUCEDO MARINE SERVICE LTD,,389,Almacén,,,
WH0393,CCN LOGISTICS SRL,,393,Almacén,,ADMINISTRACION HAINA ORIENTAL,DO
WH0394,CCN LOGISTICS SRL,,394,Almacén,DIRECCION GENERAL DE ADUANAS,ADMINISTRACION HAINA ORIENTAL,DO
WH0400,CDF DOMITAB S A,,400,Almacén,,ADMINISTRACION HAINA ORIENTAL,DO
WH0392,CBK DOMINICANA SRL,,392,Almacén,,"Z.F. IND., LA VEGA",DO
WH0398,CCT CRITICAL CARE TECHNOLOGIES SRL,,398,Almacén,,ZONA FRANCA INDUSTRIAL DE SAN CRISTÓBAL (ITABO),DO
WH0391,CB WORLD DUTY FREE 1,,391,Almacén,,Z.F. COMERCIAL PUNTA CANA,DO
WH0395,"CCSD DUTY FREE SRL, Almacen",,395,Almacén,,Z.F. COMERCIAL PUNTA CANA,DO
WH0399,CDF DOMITAB S A,,399,Almacén,,ZONAS FRANCAS INDUSTRIALES,DO
WH0396,CCSUSA INTERNATIONAL SRL,,396,Almacén,,ZONAS FRANCAS ESPECIALES,DO
WH0397,CCSUSA INTERNATIONAL SRL (Ext. Piantini),,397,Almacén,,,
WH0402,CDOTRANS LOGISTICA SRL,,402,Almacén,,ADMINISTRACION HAINA ORIENTAL,DO
WH0409,CELOGRAFICA URENA S A,,409,Almacén,,DIRECCION GENERAL DE ADUANAS,DO
WH0410,CEMENTO CIBAO C POR A,,410,Almacén,,DIRECCION GENERAL DE ADUANAS,DO
WH0405,CDT ENTERPRISES CASA DEL TABACO SERVICES LTD,,405,Almacén,,"CDT ENTERPRISES (CASA DEL TABACO) SERVICES, LTD.",DO
WH0408,CELESTE MOBILITY GROUP,,408,Almacén,,ZONA FRANCA INDUSTRIAL DE VILLA ALTAGRACIA,DO
WH0406,CEA GLOBAL DOMINICANA S A,,406,Almacén,,"Z.F. IND., SAN PEDRO DE MACORI",DO
WH0407,CEDAR CREEK INTERNATIONAL LTD,,407,Almacén,,"Z.F. IND., SAN CRISTOBAL(NIGUA)",DO
WH0404,CDT ENTERPRISES CASA DEL TABACO SERVICES LTD,,404,Almacén,,ZONA FRANCA INDUSTRIAL DE LA ROMANA I,DO
WH0401,CDJ DOMINICANA SRL,,401,Almacén,,ZONA FRANCA INDUSTRIAL DE GURABO,DO
WH0403,CDT DOMEC CAPA DE TABACO DOMINICOECUATORIANA SRL,,403,Almacén,,,
WH0418,CENTRO DE PROCESAMIENTO COURIER (CPC) -AILA-,,418,Almacén,,AEROPUERTO INTERNACIONAL JOSE FRANCISCO PEÑA GOMEZ,DO
WH0415,CENTRAL ROMANA CORP. LTD,,415,Almacén,,DIRECCION GENERAL DE ADUANAS,DO
WH0416,CENTRAL ROMANA CORPORATION,,416,Almacén,,DIRECCION GENERAL DE ADUANAS,DO
WH0411,CEMENTOS CIBAO C POR A,,411,Almacén,,DIRECCION GENERAL DE ADUANAS,DO
WH0412,CEMENTOS PROGRESO DOMINICANA SA,,412,Almacén,,DIRECCION GENERAL DE ADUANAS,DO
WH0413,CEMEX DOMINICANA S A,,413,Almacén,,DIRECCION GENERAL DE ADUANAS,DO
WH0417,CENTRAL TOBACCO CORPORATION CENTACORP SRL,,417,Almacén,,PARQUE INDUSTRIAL EDUARDO LEON JIMENES,DO
WH0419,CENTRO TELEFONICO A&F SAS,,419,Almacén,,"PARQUE CIBERNÉTICO DE SANTO DOMINGO, S. A.",DO
WH0414,CEMEX TRADING LCC,,414,Almacén,,ZONA FRANCA INDUSTRIAL DE SAN ISIDRO,DO
WH0420,CERRAMIENTOS TECNICOS DEL CARIBE CETECA SA,,420,Almacén,,,
WH0422,CERVECERIA NACIONAL DOMINICANA C POR A,,422,Almacén,,DIRECCION GENERAL DE ADUANAS,DO
WH0423,CERVECERIA VEGANA S A,,423,Almacén,,DIRECCION GENERAL DE ADUANAS,DO
WH0424,CERVECERIA VEGANA SRL,,424,Almacén,,DIRECCION GENERAL DE ADUANAS,DO
WH0426,CHATEAU DIADEM SRL,,426,Almacén,,ZONA FRANCA SANTIAGO - NAVARRETE (PISANO),DO
WH0429,CHEMICAL SOLUTIONS CORP INC,,429,Almacén,,"Z.F. SANTIAGO II,NORTE(PISANO)",DO
WH0430,CHICAGO INDUSTRIES DOMINICANA SAS,,430,Almacén,,ZONA FRANCA INDUSTRIAL PUERTO PLATA,DO
WH0425,CHAKIM SRL,,425,Almacén,,"Z.F. IND., NAVARRETE (STGO)",DO
WH0427,CHECKPOINT CARIBBEAN,,427,Almacén,,ZONA FRANCA INDUSTRIAL LOS ALCARRIZOS,DO
WH0428,CHECKPOINT CARIBBEAN INC,,428,Almacén,,ZONA FRANCA INDUSTRIAL LOS ALCARRIZOS,DO
WH0421,CERTIFIED LANGUAGE TECHS CLT SRL,,421,Almacén,,,
WH0438,CIGARRO HERMANOS RODRIGUEZ C POR A,,438,Almacén,,DIRECCION GENERAL DE ADUANAS,DO
WH0439,"CIGARRO LA REYNA, C POR A",,439,Almacén,,DIRECCION GENERAL DE ADUANAS,DO
WH0440,CILPEN GLOBAL BUSINESS SRL,,440,Almacén,,"CILPEN GLOBAL BUSINESS, S. R. L.",DO
WH0435,CIGAR BOX & CO. CIBOCO SRL,,435,Almacén,,PARQUE INDUSTRIAL ELVA MARIA,DO
WH0433,CHOCOLATES KHAO CARIBE SRL,,433,Almacén,,"Z.F. IND., SANTIAGO I",DO
WH0437,CIGAR RINGS S A,,437,Almacén,,"Z.F. IND., SANTIAGO I",DO
WH0432,CHOCOLATE WORLD SRL,,432,Almacén,,ZONA FRANCA INDUSTRIAL PUERTO PLATA,DO
WH0434,CIDAV INC,,434,Almacén,,"Z.F. IND., PALMAREJO",DO
WH0431,CHIMERA INVESTMENTS CORP,,431,Almacén,,"Z.F. IND., LAS AMERICAS",DO
WH0436,CIGAR COUNTRY,,436,Almacén,,,
WH0441,CILPEN GLOBAL BUSINESS SRL,,441,Almacén,,"CILPEN GLOBAL BUSINESS, S. R. L.",DO
WH0449,CLOUD MANUFACTURING SRL,,449,Almacén,,ZONA FRANCA INDUSTRIAL TAMBORIL,DO
WH0450,CMI CLASSIC METAL INDUSTRIES SRL,,450,Almacén,,ZONA FRANCA INDUSTRIAL TAMBORIL,DO
WH0447,CLARKE S ORGANICS SRL,,447,Almacén,,"Z.F. IND., S.P.M. CHENTEC",DO
WH0446,CJ INK DOMINICANA SRL,,446,Almacén,,ZONA FRANCA INDUSTRIAL DE HAINAMOSA,DO
WH0448,CLASSIC SCHOOL UNIFORMS S A,,448,Almacén,,ZONA FRANCA INDUSTRIAL DE BANI,DO
WH0444,CIRAMAR INTERNATIONAL TRADING CO LTD,,444,Almacén,,"Z.F. ESPECIAL, CIRAMAR",DO
WH0442,CILPEN GLOBAL BUSINESS SRL (EXTENSIÓN HAINA),,442,Almacén,,Z.F. ESPECIAL HAINA,DO
WH0443,CINCA HOLDING CORPORATION,,443,Almacén,,ZONA FRANCA INDUSTRIAL CARIBBEAN INDUSTRIAL PARK,DO
WH0445,CITYTRANS TRANSPORTE EXPRESS SRL,,445,Almacén,,,
WH0453,COASTAL PETROLEUM DOMINICANA S A,,453,Almacén,COASTAL PETROLEUM DOMINICANA S A,ADMINISTRACION PUERTO LA CANA,DO
WH0452,COASTAL PETROLEUM DOMINICANA S A,,452,Almacén,,ADMINISTRACION SAN PEDRO DE MACORIS,DO
WH0459,COLIS POSTAL,,459,Almacén,,ADMINISTRACION SANTO DOMINGO,DO
WH0456,COLCHONERIA Y MUEBLERIA LA NACIONAL C POR A,,456,Almacén,,DIRECCION GENERAL DE ADUANAS,DO
WH0457,COLCHONERIA Y MUEBLERIA LA NACIONAL S A,,457,Almacén,,DIRECCION GENERAL DE ADUANAS,DO
WH0455,COCO BAHIA DEL CARIBE SRL,,455,Almacén,,ZONA FRANCA INDUSTRIAL DEL SUR,DO
WH0454,COATS NORTH AMERICA DE REPUBLICA DOMINICANA INC,,454,Almacén,,"Z.F. SANTIAGO II,NORTE(PISANO)",DO
WH0458,COLINA BUSINESS GROUP SRL,,458,Almacén,,ZONA FRANCA INDUSTRIAL SAN PEDRO DE MACORÍS,DO
WH0460,COLLABORATIVE GROUP SRL,,460,Almacén,,ZONA FRANCA INDUSTRIAL SAN PEDRO DE MACORÍS,DO
WH0451,COASTAL LIFE ATLANTIC SRL,,451,Almacén,,,
WH0465,COMERCIALIZADORA MACAO SRL,,465,Almacén,,AEROPUERTO PUNTA CANA,DO
WH0468,COMFRUVEXPORT SRL,,468,Almacén,,"Z.F. ESPECIAL COMFRUVEXPORT, S. R. L.",DO
WH0469,COMMUNICATE TO CONNECT C2C SRL,,469,Almacén,,Z.F.ESP. COMMUNICATE TO CONNECT (STO.DGO.),DO
WH0470,COMMUNICATE TO CONNECT C2C SRL,,470,Almacén,,Z.F.ESP. COMMUNICATE TO CONNECT (STO.DGO.),DO
WH0461,COMERCIAL RIOSUR (EXTENSION III),,461,Almacén,,ZONA FRANCA INDUSTRIAL RIOSUR,DO
WH0467,COMERCIALIZADORA TURISTICA SUN CAPITAL S A,,467,Almacén,,"Z.F. IND., PUERTO PLATA",DO
WH0464,COMERCIALIZADORA AGROINDUSTRIAL BANILEJA SRL,,464,Almacén,,ZONA FRANCA INDUSTRIAL DE BANI,DO
WH0466,"COMERCIALIZADORA MACAO SRL, Almacen",,466,Almacén,,Z.F. COMERCIAL PUNTA CANA,DO
WH0462,COMERCIAL RIOSUR SRL,,462,Almacén,,ZONAS FRANCAS INDUSTRIALES,DO
WH0463,COMERCIAL RIOSUR SRL 2DA ETAPA,,463,Almacén,,,
WH0479,COMPANIA DE TABACOS DE LAS ANT,,479,Almacén,,ADMINISTRACION HAINA ORIENTAL,DO
WH0474,COMPANIA CERVECERA AMBEV DOMINICANA S A,,474,Almacén,,DIRECCION GENERAL DE ADUANAS,DO
WH0476,COMPANIA DE TABACO FLOR DE LOS REYES S A (EXT.),,476,Almacén,,Z.F.ESP. TABACALERA FLOR DE LOS REYES EXT. VILLA BISONO,DO
WH0471,COMMUNICATE TO CONNECT C2C SRL,,471,Almacén,,Z.F.ESP. COMMUNICATE TO CONNECT (STO.DGO.),DO
WH0472,COMMUNICATE TO CONNECT C2C SRL,,472,Almacén,,Z.F.ESP. COMMUNICATE TO CONNECT (STO.DGO.),DO
WH0475,COMPANIA DE TABACO FLOR DE LOS REYES S A,,475,Almacén,,Z.F.ESP. TABACALERA FLOR DE LOS REYES,DO
WH0478,COMPANIA DE TABACOS DE EXPORTACION LTD,,478,Almacén,,ZONA FRANCA SANTIAGO - NAVARRETE (PISANO),DO
WH0480,COMPANIA DE TABACOS QUISQUEYA C POR A,,480,Almacén,,"Z.F. IND., SANTIAGO I",DO
WH0473,COMPAGNIE CIGARIERE DES CARAIBES S A,,473,Almacén,,"Z.F. EXPORTACION,ZONA IND. ITABO",DO
WH0477,"COMPANIA DE TABACO FLOR DE LOS REYES S A, Navarrete",,477,Almacén,,,
WH0486,COMPANIA EXPORTADORA TAVAREZ E T,,486,Almacén,,ADMINISTRACION HAINA ORIENTAL,DO
WH0488,COMPLEJO METALURGICO DOMINICANO C POR A,,488,Almacén,,DIRECCION GENERAL DE ADUANAS,DO
WH0483,COMPANIA DOMINICANA DE MONTAJE S A (CODEMON),,483,Almacén,,DIRECCION GENERAL DE ADUANAS,DO
WH0484,COMPANIA EKOBANANERA S A,,484,Almacén,,DIRECCION GENERAL DE ADUANAS,DO
WH0485,COMPANIA EXPORTADORA TAVAREZ E T,,485,Almacén,,DIRECCION GENERAL DE ADUANAS,DO
WH0481,COMPAÑIA DE TABACOS QUISQUEYA SRL,,481,Almacén,,"COMPAÑIA DE TABACOS QUISQUEYA, S. R. L.",DO
WH0489,COMPONENT FOOTWEAR DOMINICANA S A,,489,Almacén,,"Z.F. SANTIAGO II,NORTE(PISANO)",DO
WH0482,COMPAÑIA DE TABACOS QUISQUEYA SRL ( EXTENCION ),,482,Almacén,,"COMPAÑIA DE TABACOS QUISQUEYA, S. R. L. (EXT. AVENIDA BARTOLOME COLON)",DO
WH0490,COMPOUND BROTHERS DOMINICANA SRL,,490,Almacén,,ZONAS FRANCAS ESPECIALES,DO
WH0487,COMPETITIVE INTELLIGENCE MARKET RESEARCH CIMR SRL,,487,Almacén,,,
WH0495,CONCENTRADO DE FRAGANCIAS Y SABORES S A,,495,Almacén,,DIRECCION GENERAL DE ADUANAS,DO
WH0500,"CONDUENT SOLUTIONS DOMINICAN REPUBLIC, SAS (EXT. AV. GREGORIO LUPERON)",,500,Almacén,,"Z.F. ESP. CONDUENT SOLUTIONS DOMINICAN REPUBLIC, S. A. S.",DO
WH0497,CONCENTRIX CVG INTERNATIONAL HOLDING LTD,,497,Almacén,,"CONVERGYS INTERNATIONAL HOLDING, LTD. (EXT. ENSANCHE PIANTINI)",DO
WH0496,CONCENTRIX CVG INTERNATIONAL HOLDING LTD,,496,Almacén,,"Z.F.ESP.CONVERGYS INTERNATIONAL HOLDING, LTD EXT.GALERIA 360",DO
WH0493,CONACADO S A,,493,Almacén,,"Z.F. IND., SAN PEDRO DE MACORI",DO
WH0498,"CONDUENT SOLUTIONS DOMINICAN REPUBLIC, SAS",,498,Almacén,,ZONA FRANCA INDUSTRIAL DE SAN ISIDRO,DO
WH0499,"CONDUENT SOLUTIONS DOMINICAN REPUBLIC, SAS",,499,Almacén,,ZONA FRANCA INDUSTRIAL DE SAN ISIDRO,DO
WH0494,CONACADO S A,,494,Almacén,,"Z.F. IND., SAN FCO. DE MACORIS",DO
WH0491,COMPUESTOS DOMINICANOS S A,,491,Almacén,,Z.F. ESP. COMPUESTOS DOM.,DO
WH0492,CONACADO AGROINDUSTRIAL S A,,492,Almacén,,,
WH0502,CONSILIA LOGISTICS SRL,,502,Almacén,ZONA FRANCA MULTIMODAL CAUCEDO S A,ADMINISTRACION PUERTO MULTIMODAL CAUCEDO,DO
WH0508,CONSORCIO TECNO DEAH S A,,508,Almacén,,DIRECCION GENERAL DE ADUANAS,DO
WH0509,CONSORCIO TECNO DEAH S A,,509,Almacén,,DIRECCION GENERAL DE ADUANAS,DO
WH0510,CONSORCIO TECNO DEAH S A,,510,Almacén,,DIRECCION GENERAL DE ADUANAS,DO
WH0504,CONSORCIO CITRICOLA DEL ESTE C POR A,,504,Almacén,,Z.F.ESP. CITRICOLA DEL ESTE (HATO MAYOR),DO
WH0503,CONSOLIDATED CONTRACTORS INC,,503,Almacén,,"Z.F. SANTIAGO II,NORTE(PISANO)",DO
WH0507,CONSORCIO DE TRANSFORMACION Y GENERACION DE ENERGIA S A,,507,Almacén,,"Z.F. IND., SANTIAGO I",DO
WH0501,CONFECCIONES JAGSPORT EIRL,,501,Almacén,,PARQUE TECNOLÓGICO DE SANTIAGO,DO
WH0505,CONSORCIO CITRICOS DOMINICANOS C POR A,,505,Almacén,,Z.F. ESP. CITRICOS DOMINICANA,DO
WH0506,CONSORCIO CITRICOS DOMINICANOS S A,,506,Almacén,,,
WH0511,CONSORCIO TECNO DEAH S A,,511,Almacén,,DIRECCION GENERAL DE ADUANAS,DO
WH0512,CONSTRUCCIONES CMA SRL,,512,Almacén,,DIRECCION GENERAL DE ADUANAS,DO
WH0517,CONTACT CENTERS DOMINICANA S A,,517,Almacén,,"CONTACT CENTERS DOMINICANA, S. A. EXTENSION SAMBIL",DO
WH0516,CONTACT CENTERS DOMINICANA S A,,516,Almacén,,"CONTACT CENTERS DOMINICANA, S. A. (EXT. DISTRITO NACIONAL)",DO
WH0519,CONTROL ENGINEERING GROUP SRL,,519,Almacén,,PARQUE INDUSTRIAL EDUARDO LEON JIMENES,DO
WH0520,"CONVATEC DOMINICAN REPUBLIC INC, ZFI ITABO",,520,Almacén,,"Z.F. IND., ITABO",DO
WH0513,CONSULTANTS LA S A,,513,Almacén,,"Z.F. IND., EXCEL, BOCA CHICA",DO
WH0514,"CONSULTANTS LA, SRL",,514,Almacén,,ZONAS FRANCAS ESPECIALES,DO
WH0515,CONTACT CENTERS DOMINICANA S A,,515,Almacén,,ZONAS FRANCAS ESPECIALES,DO
WH0518,CONTACT CENTERS DOMINICANA S A,,518,Almacén,,,
WH0528,COOPERATIVA AGRICOLA LOS TAINOS,,528,Almacén,,DIRECCION GENERAL DE ADUANAS,DO
WH0529,COOPERATIVA AGROPECUARIA DE EMPLEADOS DE EKOBAN INC,,529,Almacén,,DIRECCION GENERAL DE ADUANAS,DO
WH0530,COOPERATIVA AGROPECUARIA DE EMPLEADOS DE EKOBAN INC,,530,Almacén,,DIRECCION GENERAL DE ADUANAS,DO
WH0522,CONVERGYS INTERNATIONAL HOLDING LTD,,522,Almacén,,Z.F.ESP.STREAM INTERNATIONAL (BERMUDA) EXT.GALERIA 360,DO
WH0524,CONVERGYS INTERNATIONAL HOLDING LTD,,524,Almacén,,"Z.F. IND., SAN ISIDRO",DO
WH0525,COOKSON DOMINICANA S A,,525,Almacén,,ZONA FRANCA INDUSTRIAL DE SAN ISIDRO,DO
WH0526,COOLBEVCO SRL,,526,Almacén,,"Z.F. IND., S.P.M. CHENTEC",DO
WH0523,CONVERGYS INTERNATIONAL HOLDING LTD,,523,Almacén,,"Z.F. IND., LAS AMERICAS",DO
WH0527,COOLBEVCO SRL,,527,Almacén,,Z.F. ESP. CITRICOS DOMINICANA,DO
WH0521,CONVENIENCE STORE MINIMARKET,,521,Almacén,,,
WH0531,COOPERATIVA AGROPECUARIA DE EMPLEADOS DE EKOBAN INC,,531,Almacén,,DIRECCION GENERAL DE ADUANAS,DO
WH0532,COOPERATIVA AGROPECUARIA Y DE SERVICIOS MULTIPLES DE BANANER,,532,Almacén,,DIRECCION GENERAL DE ADUANAS,DO
WH0533,COOPERATIVA AGROPECUARIA Y DE SERVICIOS MULTIPLES DE BANANEROS DO,,533,Almacén,,DIRECCION GENERAL DE ADUANAS,DO
WH0534,COOPERATIVA DE PRODUCTORES AGROPECUARIOS MARTIN REYES,,534,Almacén,,DIRECCION GENERAL DE ADUANAS,DO
WH0537,COPEN DOMINICANA LTD,,537,Almacén,,"Z.F. IND., SANTIAGO I",DO
WH0535,"COPAC GLOBAL PACKAGING LLC, ZFI LAS AMERICAS",,535,Almacén,,ZONA FRANCA INDUSTRIAL DE LAS AMERICAS,DO
WH0539,COPEY PRODUCTS INTERNACIONAL S R L,,539,Almacén,,"Z.F. IND., LA VEGA",DO
WH0540,CORALINA´S FAST FOOD (A I G L),,540,Almacén,,Z.F. COMERCIALES PTO. PTA.,DO
WH0538,COPEN UNITED DR SRL,,538,Almacén,,ZONAS FRANCAS INDUSTRIALES,DO
WH0536,"COPAC GLOBAL PACKAGING LLC, ZFI SANTIAGO-JANICO",,536,Almacén,,,
WH0549,CORPORACION CORPA S A,,549,Almacén,,DIRECCION GENERAL DE ADUANAS,DO
WH0547,CORPORACION ASP SANTIAGO S A,,547,Almacén,,"Z.F. IND., SANTIAGO I",DO
WH0545,CORP ZONA FRANCA IND SANTIAGO INC,,545,Almacén,,"Z.F. IND., SANTIAGO I",DO
WH0542,CORIMA S A S,,542,Almacén,,"Z.F. IND., SAN PEDRO DE MACORIS",DO
WH0543,CORNING CABLE SYSTEMS INTERNATIONAL,,543,Almacén,,ZONA FRANCA INDUSTRIAL DE NIGUA,DO
WH0546,CORPORACION 2980,,546,Almacén,,ZONA FRANCA INDUSTRIAL PUERTO PLATA,DO
WH0544,CORP ZONA FRANCA BANILEJA INC,,544,Almacén,,"Z.F. IND., BANI",DO
WH0548,"CORPORACION CIGAR EXPORT C POR A, El Limonal",,548,Almacén,,ZONA FRANCA INDUSTRIAL EL LIMONAL,DO
WH0550,CORPORACION INDUSTRIAL DIVISION AILA S A,,550,Almacén,,"Z.F. COMERCIAL, A.I.J.F.P.G.",DO
WH0541,CORFLEX CARIBE SRL,,541,Almacén,,,
WH0556,CORVI ACERO S A,,556,Almacén,,DIRECCION GENERAL DE ADUANAS,DO
WH0557,CORVI PVC S A,,557,Almacén,,DIRECCION GENERAL DE ADUANAS,DO
WH0555,CORPORACION ZONA FRANCA INDUSTRIAL GAUTIER SRL,,555,Almacén,,ZONA FRANCA INDUSTRIAL GAUTIER,DO
WH0559,COSTA FARMS LLC,,559,Almacén,,"COSTA FARMS, LLC",DO
WH0553,"CORPORACION ZONA FRANCA INDUSTRIAL DE PUERTO PLATA, INC",,553,Almacén,,ZONA FRANCA INDUSTRIAL PUERTO PLATA,DO
WH0558,COSMED GROUP OF DOMINICAN REPUBLIC INC,,558,Almacén,,ZONA FRANCA INDUSTRIAL DE LAS AMERICAS,DO
WH0551,CORPORACION PETROLERA DE LA REPUBLICA DOMINICANA COPETROL R D SRL,,551,Almacén,,"Z.F. IND., HAINAMOSA",DO
WH0552,CORPORACION ZONA FRANCA BANILEJA INC,,552,Almacén,,"Z.F. IND., BANI",DO
WH0554,CORPORACION ZONA FRANCA INDUSTRIAL DEL NORTE S A,,554,Almacén,,ZONAS FRANCAS INDUSTRIALES,DO
WH0560,COSTA FARMS LLC,,560,Almacén,,,
WH0568,CPD BOUTIQUES LLC,,568,Almacén,,AEROPUERTO INTERNACIONAL JOSE FRANCISCO PEÑA GOMEZ,DO
WH0563,COSTA NURSERY FARMS INC,,563,Almacén,,ADMINISTRACION HAINA ORIENTAL,DO
WH0570,CREACIONES FLERIDA S R L,,570,Almacén,,DIRECCION GENERAL DE ADUANAS,DO
WH0567,COTE-RECO DOMINICAN MANUFACTURING SRL,,567,Almacén,,NUEVA ZONA FRANCA INDUSTRIAL DE SAN PEDRO DE MACORÍS (CHEM TEC),DO
WH0569,CRAZY ABOUT ORGANICS CRAO SRL,,569,Almacén,,ZONA FRANCA INDUSTRIAL PUERTO PLATA,DO
WH0561,COSTA FARMS LLC ( RANCHO ARRIBA ),,561,Almacén,,ZONAS FRANCAS ESPECIALES,DO
WH0562,COSTA FARMS LLC (EXTENSIÓN SABANA DE LA MAR),,562,Almacén,,ZONAS FRANCAS ESPECIALES,DO
WH0564,COSTA RICA CONTACT CENTER CRCC SA,,564,Almacén,,ZONAS FRANCAS ESPECIALES,DO
WH0565,COSTA RICA CONTACT CENTER CRCC SA,,565,Almacén,,ZONAS FRANCAS ESPECIALES,DO
WH0566,COSTA RICA CONTACT CENTER CRCC SA (EXT. AVENIDA GREGORIO LUPERON),,566,Almacén,,,
WH0572,CRISCHARD CIGARS SRL,,572,Almacén,,PARQUE INDUSTRIAL LOS CANDELONES,DO
WH0575,CTM APPAREL MANUFACTURING SRL,,575,Almacén,,ZONA FRANCA INDUSTRIAL DE VILLA ALTAGRACIA,DO
WH0571,CREATIVE LIGHTING SOLUTIONS LLC,,571,Almacén,,"Z.F. IND., SAN ISIDRO",DO
WH0576,CTM PRINTING SRL,,576,Almacén,,ZONA FRANCA INDUSTRIAL DE LA VEGA,DO
WH0580,CUTLER HAMMER INDUSTRIES,,580,Almacén,,"Z.F. IND., ITABO",DO
WH0573,CRISTALES DEL MAR S R L,,573,Almacén,,ZONA FRANCA INDUSTRIAL DE BANI,DO
WH0574,CTG TAPES SRL,,574,Almacén,,ZONA FRANCA INDUSTRIAL DE BANI,DO
WH0579,CUNAGUARO STORE,,579,Almacén,,Z.F. COMERCIAL PUNTA CANA,DO
WH0577,CTS LANGUAGE LINK DOMINICANA SRL,,577,Almacén,,ZONAS FRANCAS ESPECIALES,DO
WH0578,CUEVAS & HERMANOS SRL,,578,Almacén,,,
WH0581,CUTLER HAMMER INDUSTRIES LTD,,581,Almacén,,"Z.F. ESP. CUTLER-HAMMER INDUSTRIES, LTD. (EXTENSIÓN DISTRITO NACIONAL)",DO
WH0590,"D F INTERNATIONAL, SANTIAGO I",,590,Almacén,,"Z.F. IND., SANTIAGO I",DO
WH0586,D CLASE LAS AMERICAS LIMITED,,586,Almacén,,ZONA FRANCA INDUSTRIAL DE LAS AMERICAS,DO
WH0584,D & G CENTRAL TEXTILES DOMINICANA C POR A,,584,Almacén,,"Z.F. IND., LA VEGA",DO
WH0582,"CUTLER HAMMER INDUSTRIES LTD, ZFI ITABO",,582,Almacén,,"Z.F. IND., ITABO",DO
WH0583,CYRA ESTATES SRL,,583,Almacén,,ZONA FRANCA INDUSTRIAL DE GURABO,DO
WH0589,"D CLASE SHOES INC, Gurabo",,589,Almacén,,ZONA FRANCA INDUSTRIAL DE GURABO,DO
WH0587,D CLASE MANUFACTURING INC,,587,Almacén,,"Z.F. IND., ESPERANZA",DO
WH0588,"D CLASE SHOES INC, Esperanza",,588,Almacén,,ZONA FRANCA INDUSTRIAL DE ESPERANZA,DO
WH0585,D BANI INTERNATIONAL S A,,585,Almacén,,,
WH0592,D M GROUP INTERNATIONAL SRL,,592,Almacén,,ADMINISTRACION PEDERNALES,DO
WH0591,D M GROUP INTERNATIONAL SRL,,591,Almacén,,ADMINISTRACION SANTO DOMINGO,DO
WH0598,D W PLASTICS,,598,Almacén,,DIRECCION GENERAL DE ADUANAS,DO
WH0599,D YAMIR SUPLIDORES DIVERSOS S R L,,599,Almacén,,DIRECCION GENERAL DE ADUANAS,DO
WH0593,D R CRUISE PORT LTD,,593,Almacén,,"Z.F. IND., BAHIA DE MAIMON",DO
WH0596,D SKY GROUP DSG SRL (DEPOSITO),,596,Almacén,,"Z.F.IND.,NORTE INFIESTO",DO
WH0600,D.M. GROUP INTERNATIONAL S.A. (DEPOSITO),,600,Almacén,,"Z.F. IND., PEDERNALES",DO
WH0595,D R WAREHOUSE SRL,,595,Almacén,,"Z.F. IND., SANTIAGO III",DO
WH0597,D T MANUFACTURING SRL,,597,Almacén,,"Z.F. IND., SANTIAGO I",DO
WH0594,D R OCEAN ENTERPRISES SR,,594,Almacén,,,
WH0602,DAMA S A,,602,Almacén,,AEROPUERTO INTERNACIONAL JOSE FRANCISCO PEÑA GOMEZ,DO
WH0608,DATA VIMENCA S A,,608,Almacén,,DIRECCION GENERAL DE ADUANAS,DO
WH0609,DATA VIMENCA S A (EXT. SANTIAGO),,609,Almacén,,"DATA VIMENCA, S. A. (EXTENSIÓN SANTIAGO)",DO
WH0607,DATA SERVICIO DOMINICANA S A,,607,Almacén,,Z.F.ESP.DATA SERVICIOS DOMINICANA(S,DO
WH0603,DANEVA SRL,,603,Almacén,,"Z.F. IND., SAN PEDRO DE MACORIS",DO
WH0610,DAVIS & GECK CARIBE LIMITED,,610,Almacén,,"Z.F. IND., SAN ISIDRO",DO
WH0605,DAS MEDICAL INTERNATIONAL SRL,,605,Almacén,,ZONA FRANCA INDUSTRIAL DE LA ROMANA II,DO
WH0606,DAS MEDICAL LLC,,606,Almacén,,"Z.F. IND., ROMANA II",DO
WH0604,DARLEY DALE BUSSINESS CORP S A,,604,Almacén,,ZONA FRANCA INDUSTRIAL DE BONAO,DO
WH0601,DACD METAL & RECYCLING EXPORTS S A,,601,Almacén,,,
WH0612,DE LEON CIGARS MANUFACTURY C POR A,,612,Almacén,,DIRECCION GENERAL DE ADUANAS,DO
WH0617,DELICIAS CIGARS C POR A,,617,Almacén,,DIRECCION GENERAL DE ADUANAS,DO
WH0619,DEMARCA C POR A,,619,Almacén,,DIRECCION GENERAL DE ADUANAS,DO
WH0618,DELICIAS DEL AGRO JRC EIRL,,618,Almacén,,"Z.F. ESP. DELICIAS DEL AGRO JRC, E. I. R. L.",DO
WH0614,DE ROYAL INTERCONTINENTAL S A,,614,Almacén,,ZONA FRANCA SANTIAGO - NAVARRETE (PISANO),DO
WH0615,DEANSFIELD COMPANY N V,,615,Almacén,,ZONA FRANCA INDUSTRIAL DE NIGUA,DO
WH0611,DAZAM INDUSTRIES SRL,,611,Almacén,,ZONA FRANCA INDUSTRIAL DE NIGUA,DO
WH0620,DENECU SRL,,620,Almacén,,ZONA FRANCA INDUSTRIAL DE BONAO,DO
WH0613,DE NARDINE EIRL,,613,Almacén,,ZONA FRANCA INDUSTRIAL DE BANI,DO
WH0616,DELI GOURMET S A,,616,Almacén,,,
WH0622,DEPÓSITO 11,,622,Almacén,,AEROPUERTO INTERNACIONAL JOSE FRANCISCO PEÑA GOMEZ,DO
WH0623,DEPOSITO 3 COURIER,,623,Almacén,,AEROPUERTO INTERNACIONAL JOSE FRANCISCO PEÑA GOMEZ,DO
WH0624,DEPOSITO 5 DGA,,624,Almacén,,AEROPUERTO INTERNACIONAL JOSE FRANCISCO PEÑA GOMEZ,DO
WH0625,DEPOSITO A,,625,Almacén,,ADMINISTRACION HAINA ORIENTAL,DO
WH0626,DEPOSITO B,,626,Almacén,,ADMINISTRACION HAINA ORIENTAL,DO
WH0627,DEPOSITO C,,627,Almacén,,ADMINISTRACION HAINA ORIENTAL,DO
WH0628,DEPOSITO D,,628,Almacén,,ADMINISTRACION HAINA ORIENTAL,DO
WH0629,DEPOSITO E,,629,Almacén,,ADMINISTRACION HAINA ORIENTAL,DO
WH0630,DEPOSITOS LOGISTICOS DE SANTO DOMINGO DLSQ SRL,,630,Almacén,,ADMINISTRACION HAINA ORIENTAL,DO
WH0621,DENIMESDOM SRL,,621,Almacén,,,
WH0631,DESTILADOS Y LICORES UNIVERSAL SRL,,631,Almacén,,DIRECCION GENERAL DE ADUANAS,DO
WH0632,DESTILERIA LA ISABELA C POR A,,632,Almacén,,DIRECCION GENERAL DE ADUANAS,DO
WH0633,DETROIT INVESTMENTS SRL,,633,Almacén,,ZONA FRANCA INDUSTRIAL DE SAN FRANCISCO DE MACORÍS,DO
WH0634,DEVMIR DOMINICANA S A,,634,Almacén,,ZONA FRANCA INDUSTRIAL PUERTO PLATA,DO
WH0635,DEVOCHO SRL,,635,Almacén,,Z.F. ESPECIAL SANTIAGO,DO
WH0638,"DFA Tienda (Salida Terminal 1-A), Lic 59",,638,Almacén,,Z.F. COMERCIAL PUNTA CANA,DO
WH0639,"DFA Tienda (Salida Terminal 1-A), Lic 62",,639,Almacén,,Z.F. COMERCIAL PUNTA CANA,DO
WH0640,"DFA Tienda Champang Bar Luve, (Salida Terminal B)",,640,Almacén,,Z.F. COMERCIAL PUNTA CANA,DO
WH0636,DF SOLUTIONS SRL,,636,Almacén,,ZONAS FRANCAS ESPECIALES,DO
WH0637,DF SOLUTIONS SRL (EXT. AV. TIRADENTES),,637,Almacén,,,
WH0646,DHL DOMINICANA S A,,646,Almacén,,AEROPUERTO INTERNACIONAL JOSE FRANCISCO PEÑA GOMEZ,DO
WH0650,DISTRIBUIDORA CORRIPIO CXA,,650,Almacén,,DIRECCION GENERAL DE ADUANAS,DO
WH0649,DIAMONDS INTERNATIONAL,,649,Almacén,,"Z.F. IND., BAHIA DE MAIMON",DO
WH0648,DIAMOND YELOW SRL,,648,Almacén,,ZONA FRANCA INDUSTRIAL PUERTO PLATA,DO
WH0647,DI CARLO ZONA FRANCA COMERCIAL S A,,647,Almacén,,"Z.F. COMERCIAL, A.I.J.F.P.G.",DO
WH0641,"DFA Tienda Multimacarcas, (Salida Terminal B)",,641,Almacén,,Z.F. COMERCIAL PUNTA CANA,DO
WH0642,"DFA Tienda New And Gift/ Electronica, (Terminal B)",,642,Almacén,,Z.F. COMERCIAL PUNTA CANA,DO
WH0643,DFA Tienda Relojes (Salida Terminal B),,643,Almacén,,Z.F. COMERCIAL PUNTA CANA,DO
WH0644,DFA Tienda Tumi/Long Champ (Salida Terminal B),,644,Almacén,,Z.F. COMERCIAL PUNTA CANA,DO
WH0645,"DFA, Tienda 1 (Terminal A)",,645,Almacén,,,
WH0653,dj cargo Courier Deposito 2,,653,Almacén,,AEROPUERTO INTERNACIONAL JOSE FRANCISCO PEÑA GOMEZ,DO
WH0651,DISTRIBUIDORA CORRIPIO CXA,,651,Almacén,,DIRECCION GENERAL DE ADUANAS,DO
WH0660,DMG INTERNATIONAL INC,,660,Almacén,,ZONA FRANCA SANTIAGO - NAVARRETE (PISANO),DO
WH0652,DISTRIBUIDORA MODA DEL SOL C POR A,,652,Almacén,,Z.F. SAN CRISTOBAL(LA ARMERIA),DO
WH0655,DJM FOOTWEAR CO CORP,,655,Almacén,,"Z.F. IND., TAMBORIL(STGO)",DO
WH0658,DM INTERNATIONAL INC,,658,Almacén,,"Z.F. IND., SANTIAGO I",DO
WH0657,DLADALMER S A,,657,Almacén,,"Z.F. IND., SAN PEDRO DE MACORIS",DO
WH0656,DKP CARIBE S A,,656,Almacén,,ZONA FRANCA INDUSTRIAL DE SAN ISIDRO,DO
WH0654,DJI DOMINICAN JEWELRY INC,,654,Almacén,,"Z.F. IND., ROMANA I",DO
WH0659,DMC DOMINICANA SRL,,659,Almacén,,,
WH0667,DOMEX DEPOSITO 2,,667,Almacén,,AEROPUERTO INTERNACIONAL JOSE FRANCISCO PEÑA GOMEZ,DO
WH0664,DOFU CALL CARIBBEAN GROUP SRL,,664,Almacén,,Z.F. ESP. DOFU CALL CARIBBEAN GROUP,DO
WH0668,DOMINICAN CONNECTIONS S A,,668,Almacén,,"Z.F. SANTIAGO II,NORTE(PISANO)",DO
WH0661,DMG INTERNATIONAL INC (EXTENSION),,661,Almacén,,"Z.F. IND., SANTIAGO I",DO
WH0669,DOMINICAN GARDEN PRODUCTS INC,,669,Almacén,,"Z.F. IND., SAN PEDRO DE MACORIS",DO
WH0663,DNY PRODUCTION DOMINICANA SRL,,663,Almacén,,"Z.F. IND., SAN PEDRO DE MACORIS",DO
WH0666,DOMBOX SRL,,666,Almacén,,ZONA FRANCA INDUSTRIAL SAN PEDRO DE MACORÍS,DO
WH0665,DOM DOM BAR,,665,Almacén,,ZONA FRANCA INDUSTRIAL PUERTO PLATA,DO
WH0670,DOMINICAN GOLDEN LEAVES SRL,,670,Almacén,,ZONA FRANCA INDUSTRIAL DE GURABO,DO
WH0662,DMG INTERNATIONAL SERVICES,,662,Almacén,,,
WH0671,DOMINICAN INTERNATIONAL FORWARDING SRL,,671,Almacén,,ADMINISTRACION HAINA ORIENTAL,DO
WH0672,DOMINICAN INTERNATIONAL TEXTILE LLC,,672,Almacén,,Z.F. SAN CRISTOBAL(LA ARMERIA),DO
WH0678,DOMINICAN LORALDAM SOLUTIONS SRL,,678,Almacén,,ZONA FRANCA INDUSTRIAL TAMBORIL,DO
WH0679,DOMINICAN POTTERY INC,,679,Almacén,,ZONA FRANCA INDUSTRIAL SAN PEDRO DE MACORÍS,DO
WH0676,DOMINICAN KNITS MD INDUSTRIES (CODEVI),,676,Almacén,,Z.F. CODEVI,DO
WH0673,DOMINICAN KNITS AM INDUSTRIES (CODEVI),,673,Almacén,,Z.F. CODEVI,DO
WH0674,DOMINICAN KNITS FABRIK (CODEVI),,674,Almacén,,Z.F. CODEVI,DO
WH0675,DOMINICAN KNITS INC,,675,Almacén,,ZONA FRANCA INDUSTRIAL CARIBBEAN INDUSTRIAL PARK,DO
WH0677,DOMINICAN KNITS TEXTILES LTD,,677,Almacén,,ZONA FRANCA INDUSTRIAL CARIBBEAN INDUSTRIAL PARK,DO
WH0680,DOMINICAN PRINTING IMPRESSIONS INC,,680,Almacén,,,
WH0683,DOMINICAN THINGS,,683,Almacén,,PARQUE DE ZONA FRANCA PORT CABO ROJO,DO
WH0685,DOMINICAN TROPICAL FRUITS SRL,,685,Almacén,,DIRECCION GENERAL DE ADUANAS,DO
WH0689,DON GINO CIGARS SRL,,689,Almacén,,DIRECCION GENERAL DE ADUANAS,DO
WH0684,DOMINICAN THINGS,,684,Almacén,,PARQUE DE ZONA FRANCA PORT CABO ROJO,DO
WH0686,DOMINICANA METAL RECYCLING C POR A,,686,Almacén,,Z.F.ESP.DOMINICANA METAL RECYCLING(,DO
WH0688,DOMTOP TECHNOLOGIES SRL,,688,Almacén,,"PARQUE CIBERNÉTICO DE SANTO DOMINGO, S. A.",DO
WH0682,DOMINICAN SHOE MANUFACTURING S A,,682,Almacén,,ZONA FRANCA INDUSTRIAL TAMBORIL,DO
WH0681,DOMINICAN REPUBLIC YARN SUPPLIERS GK SRL,,681,Almacén,,"Z.F. IND., SAN CRISTOBAL(NIGUA)",DO
WH0687,DOMINICANA PLASTICS RECYCLING AND SERVICES D P R S 1 SRL,,687,Almacén,,"Z.F. IND., LOS ALCARRIZOS",DO
WH0690,DONVEN TOBACCO INDUSTRIES SRL,,690,Almacén,,,
WH0693,DP WORLD CARGA SUELTA,,693,Almacén,,ADMINISTRACION PUERTO MULTIMODAL CAUCEDO,DO
WH0694,DP WORLD LOGISTICS SRL,,694,Almacén,ZONA FRANCA MULTIMODAL CAUCEDO S A,ADMINISTRACION PUERTO MULTIMODAL CAUCEDO,DO
WH0697,DP WORLD VEHICULO,,697,Almacén,,ADMINISTRACION PUERTO MULTIMODAL CAUCEDO,DO
WH0692,DP INNOVA BRANDS SRL,,692,Almacén,,PUNTA CANA FREE ZONE,DO
WH0696,DP WORLD PUNTACANA AIRHUB SAS,,696,Almacén,,PUNTA CANA FREE ZONE,DO
WH0695,DP WORLD LOGISTICS SRL,,695,Almacén,,Z.F. IND. MULTIMODAL CAUCEDO,DO
WH0699,DR FRUITLAB SRL,,699,Almacén,,"Z.F. IND., SAN PEDRO DE MACORIS",DO
WH0698,DPP DOMINICAN PULP PRODUCTS SRL,,698,Almacén,,"Z.F. IND., ESPERANZA",DO
WH0691,DONVEN TOBACCO INDUSTRIES SRL,,691,Almacén,,ZONA FRANCA INDUSTRIAL CARIBBEAN INDUSTRIAL PARK,DO
WH0700,DR INTERNATIONAL SHIP SUPPLY INC,,700,Almacén,,,
WH0708,DRY APPLE INDUSTRY SRL,,708,Almacén,,DIRECCION GENERAL DE ADUANAS,DO
WH0709,DRYTECH SRL,,709,Almacén,,PARQUE ZONAS FRANCAS INDUSTRIAL DE EXPORTACIONES BANIS BUSINESS INC,DO
WH0702,DRE REPAIR SERVICES SRL,,702,Almacén,,Z.F. PARQUE CIBERNETICO,DO
WH0706,DRL MANUFACTURING S A,,706,Almacén,,"Z.F. IND., SAN PEDRO DE MACORI",DO
WH0701,DRB S A,,701,Almacén,,ZONA FRANCA INDUSTRIAL DE NAVARRETE,DO
WH0704,DREXMORE INDUSTRIES SRL,,704,Almacén,,"Z.F. IND., LAS AMERICAS",DO
WH0705,DREXMOREHOME SRL,,705,Almacén,,"Z.F. IND., LAS AMERICAS",DO
WH0707,DRSTAR MANUFACTURING SRL,,707,Almacén,,ZONA FRANCA INDUSTRIAL DE HATO MAYOR,DO
WH0710,DUFARAN IMPORTACIONES SRL,,710,Almacén,,ZONA FRANCA INDUSTRIAL DE BONAO,DO
WH0703,DREAM STORE (A I G L),,703,Almacén,,,
WH0712,DUNCAN GLOBAL SRL,,712,Almacén,,Z.F. INDUSTRIAL DEL NORTE,DO
WH0711,DUFRY PUERTO PLATA CORPORATION,,711,Almacén,,"Z.F. IND., BAHIA DE MAIMON",DO
WH0717,DUWEST RECUBRIMIENTOS DOMINICANA SRL,,717,Almacén,,ZONA FRANCA SANTIAGO - NAVARRETE (PISANO),DO
WH0714,DUNN & FOSTER DOMINICANA SRL,,714,Almacén,,ZONA FRANCA SANTIAGO - NAVARRETE (PISANO),DO
WH0719,E CYCLINGINTERNATIONAL SRL,,719,Almacén,,"Z.F. IND., SAN ISIDRO",DO
WH0716,DUWEST CARIBBEAN SRL,,716,Almacén,,ZONA FRANCA INDUSTRIAL DE NIGUA,DO
WH0718,DUXEL DOMINICANA S A,,718,Almacén,,ZONA FRANCA INDUSTRIAL DE MOCA,DO
WH0720,E T C ELITE TOBACCO COMPANY SRL,,720,Almacén,,ZONA FRANCA INDUSTRIAL DEL SEIBO,DO
WH0715,"DUTY FREE PUNTA CANA INC, Almacen",,715,Almacén,,Z.F. COMERCIAL PUNTA CANA,DO
WH0713,DUNLAP SALES DOMINICANA S A,,713,Almacén,,,
WH0721,E T HEINSEN C POR A,,721,Almacén,,ADMINISTRACION HAINA ORIENTAL,DO
WH0722,E T HEINSEN SAS,,722,Almacén,DIRECCION GENERAL DE ADUANAS,ADMINISTRACION HAINA ORIENTAL,DO
WH0729,EARTHY PRODUCTS SRL,,729,Almacén,,DIRECCION GENERAL DE ADUANAS,DO
WH0727,EAC ELEMENTS,,727,Almacén,,"Z.F. IND., BAHIA DE MAIMON",DO
WH0724,E ZARZUELA CIGARS CORP,,724,Almacén,,ZONA FRANCA SANTIAGO - NAVARRETE (PISANO),DO
WH0725,E&MAS EIRL,,725,Almacén,,"Z.F. IND., SANTIAGO I",DO
WH0730,EATON ENTERPRISES SANTIAGO SRL,,730,Almacén,,"Z.F. IND., SANTIAGO I",DO
WH0723,E Z C MANUFACTURING SRL,,723,Almacén,,"Z.F. IND., SAN PEDRO DE MACORI",DO
WH0726,E2 DESIGN & DEVELOPMENT LTD,,726,Almacén,,ZONA FRANCA INDUSTRIAL PUERTO PLATA,DO
WH0728,EAGLE INDUSTRIES INTERNATIONAL INC,,728,Almacén,,,
WH0739,EDITORA CORRIPIO CXA,,739,Almacén,,DIRECCION GENERAL DE ADUANAS,DO
WH0740,EDITORA UNIVERSAL S A,,740,Almacén,,DIRECCION GENERAL DE ADUANAS,DO
WH0738,ECUADOM TABACO SRL,,738,Almacén,,ZONA FRANCA JOBO INDUSTRIAL,DO
WH0734,ECO CARBON CCC SRL,,734,Almacén,,ZONA FRANCA INDUSTRIAL DEL SUR,DO
WH0732,EBS INDUSTRIES S A,,732,Almacén,,ZONA FRANCA SANTIAGO - NAVARRETE (PISANO),DO
WH0735,ECO THERM PRODUCTS SRL,,735,Almacén,,ZONA FRANCA INDUSTRIAL TAMBORIL,DO
WH0731,EB MANUFACTURING S A,,731,Almacén,,"Z.F. IND., SAN PEDRO DE MACORI",DO
WH0736,ECOLOGICA AUTOMOTRIZ DOMINICANA ECADOM SRL,,736,Almacén,,ZONA FRANCA INDUSTRIAL PUERTO PLATA,DO
WH0737,ECONOPAGES S A,,737,Almacén,,"Z.F. IND., PUERTO PLATA",DO
WH0733,ECCO OUTSOURCING GROUP S A,,733,Almacén,,,
WH0741,EDITORIAL PADILLA S A,,741,Almacén,,DIRECCION GENERAL DE ADUANAS,DO
WH0742,EFFIE BUSINESS (MATERIAS PRIMAS),,742,Almacén,,DIRECCION GENERAL DE ADUANAS,DO
WH0748,EKAME S A,,748,Almacén,,DIRECCION GENERAL DE ADUANAS,DO
WH0743,EFFY JEWELRY,,743,Almacén,,"Z.F. IND., BAHIA DE MAIMON",DO
WH0745,EGM TOBACCO PROCESSORS SRL,,745,Almacén,,"Z.F. IND., SANTIAGO I",DO
WH0747,EITB INTERNATIONAL SRL,,747,Almacén,,"Z.F. IND., SANTIAGO I",DO
WH0746,EIS DOMINICAN REPUBLIC LLC,,746,Almacén,,"Z.F. IND., LAS AMERICAS",DO
WH0744,"EG INDUSTRIES DOMINICAN REPUBLIC, LTD",,744,Almacén,,"Z.F. IND., LAS AMERICAS",DO
WH0750,EL PRIMERO S J S A,,750,Almacén,,ZONA FRANCA INDUSTRIAL DE BONAO,DO
WH0749,EL DORADO GIFT SHOP,,749,Almacén,,,
WH0753,ELECTRICAL EQUIPMENT SUPPLIER INC,,753,Almacén,,"Z.F. SANTIAGO II,NORTE(PISANO)",DO
WH0751,EL PUENTE CIGARS SRL,,751,Almacén,,ZONA FRANCA SANTIAGO - NAVARRETE (PISANO),DO
WH0757,ELITE TEXTIL INC,,757,Almacén,,"Z.F. IND., SANTIAGO I",DO
WH0760,EMBROIDERY OF CARIBE S A,,760,Almacén,,"Z.F. IND., SANTIAGO I",DO
WH0754,ELECTRICAL EQUIPMENT SUPPLIER INC,,754,Almacén,,"Z.F. IND., SAN CRISTOBAL(NIGUA)",DO
WH0755,ELEVER SRL,,755,Almacén,,"Z.F. IND., ROMANA I",DO
WH0756,ELIAS & ROBIN SCREEN PRINTING S A,,756,Almacén,,ZONA FRANCA INDUSTRIAL DE MOCA,DO
WH0759,ELS ENERGY S A,,759,Almacén,,ZONA FRANCA INDUSTRIAL DE LAS AMERICAS,DO
WH0752,ELECTRA IMS SRL,,752,Almacén,,"Z.F. IND., GLOBAL",DO
WH0758,ELOVA FOOD INC,,758,Almacén,,,
WH0762,EMERGENT COLD DOMINICANA SAS,,762,Almacén,ZONA FRANCA MULTIMODAL CAUCEDO S A,ADMINISTRACION PUERTO MULTIMODAL CAUCEDO,DO
WH0770,EMPACADORA JARABACOA S.R.L,,770,Almacén,,DIRECCION GENERAL DE ADUANAS,DO
WH0765,"EMIMAR, S.A. (LA NIEGA)",,765,Almacén,,ZONA FRANCA INDUSTRIAL EMIMAR,DO
WH0766,"EMIMAR, S.A. (LAS PALOMAS)",,766,Almacén,,ZONA FRANCA INDUSTRIAL EMIMAR,DO
WH0767,"EMIMAR, S.A. (SANTA ANA)",,767,Almacén,,ZONA FRANCA INDUSTRIAL EMIMAR,DO
WH0768,"EMIMAR, S.A. (SANTIAGO RODRIGUEZ)",,768,Almacén,,ZONA FRANCA INDUSTRIAL EMIMAR,DO
WH0761,EMERGENT COLD DOMINICANA SAS,,761,Almacén,,Z.F. IND. MULTIMODAL CAUCEDO,DO
WH0769,EMPA PACKAGING INC,,769,Almacén,,"Z.F. IND., SANTIAGO I",DO
WH0763,"EMIMAR, S.A.",,763,Almacén,,Z.F. ESPECIAL EMIMAR (STGO),DO
WH0764,"EMIMAR, S.A. (EL LIMONAL)",,764,Almacén,,,
WH0771,EMPACADORA JARABACOA S.R.L,,771,Almacén,,DIRECCION GENERAL DE ADUANAS,DO
WH0772,EMPAQUES ALIMENTICIOS DEL CARIBE EMALCA SRL,,772,Almacén,,DIRECCION GENERAL DE ADUANAS,DO
WH0777,EMPRESAS K SRL,,777,Almacén,,DIRECCION GENERAL DE ADUANAS,DO
WH0779,EMPRESAS PESQUERAS JOSE A GOMEZ S A,,779,Almacén,,DIRECCION GENERAL DE ADUANAS,DO
WH0780,EMPRESAS UNIDAS C POR A,,780,Almacén,,DIRECCION GENERAL DE ADUANAS,DO
WH0774,EMPRESA DE TECNOLOGIA ELECTRICA S A,,774,Almacén,,"Z.F. SANTIAGO II,NORTE(PISANO)",DO
WH0776,EMPRESAS AIC SRL,,776,Almacén,,"Z.F. IND., SANTIAGO I",DO
WH0773,EMPORIUM MANUFACTURING CORP,,773,Almacén,,"Z.F. IND., SAN PEDRO DE MACORI",DO
WH0775,EMPRESA VICTOR SINCLAIR DOMINICANA SA,,775,Almacén,,ZONA FRANCA INDUSTRIAL DE LA VEGA,DO
WH0778,EMPRESAS MABRATAMA S A,,778,Almacén,,,
WH0781,EMPRESAS UNIDAS SRL,,781,Almacén,,DIRECCION GENERAL DE ADUANAS,DO
WH0784,EMPRESAS VILLAR CONCEPCION S A,,784,Almacén,,DIRECCION GENERAL DE ADUANAS,DO
WH0789,ENVASES ANTILLANOS SRL,,789,Almacén,,DIRECCION GENERAL DE ADUANAS,DO
WH0790,ENVASES MUNDIAL S A,,790,Almacén,,DIRECCION GENERAL DE ADUANAS,DO
WH0785,ENDOMINICANA AGROINDUSTRIAL VIDAL GUILLEN S A,,785,Almacén,,Z.F.ESP.ENDOMINICANA AGROINDUSTRIAL,DO
WH0787,ENNOVA ESI INC,,787,Almacén,,"Z.F. IND., SANTIAGO I",DO
WH0786,ENDUR TEXTILE GROUP S A S,,786,Almacén,,"Z.F. IND., NAVARRETE (STGO)",DO
WH0788,ENVASADOS COMESTIBLES SRL,,788,Almacén,,ZONA FRANCA INDUSTRIAL LOS ALCARRIZOS,DO
WH0783,EMPRESAS VILLAR CONCEPCION S A,,783,Almacén,,Z.F. ESP. VILLAR CONCEPCION (LA VEG,DO
WH0782,EMPRESAS VICTOR SINCLAIR DOMINICANA C X A,,782,Almacén,,,
WH0796,ERC BPO SRL,,796,Almacén,,ADMINISTRACION HAINA ORIENTAL,DO
WH0792,EQUILIBRIUM SRL EXTENSION ACROPOLIS CENTER,,792,Almacén,,"EQUILIBRIUM, S. R. L. (EXTENSION ACROPOLIS CENTER)",DO
WH0800,ETANOL ATLANTICO S A,,800,Almacén,,Z.F.ESP.ETANOL ATLANTICO(STO DGO),DO
WH0798,ESPINOSA CIGARS SRL,,798,Almacén,,ZONA FRANCA SANTIAGO - NAVARRETE (PISANO),DO
WH0795,ERC BPO SRL,,795,Almacén,,ZONA FRANCA INDUSTRIAL DE SAN ISIDRO,DO
WH0791,EQUILIBRIUM S A,,791,Almacén,,"Z.F. IND., SAN CRISTOBAL(NIGUA)",DO
WH0793,EQUIPOS DE PROTECCION E INDUSTRIAL EPP SRL,,793,Almacén,,ZONA FRANCA INDUSTRIAL DE NIGUA,DO
WH0794,EQUITEX MANUFACTURING & CO LTD,,794,Almacén,,ZONA FRANCA INDUSTRIAL DE GURABO,DO
WH0799,ESTRELLA TOBACCO COMPANY SRL,,799,Almacén,,ZONA FRANCA INDUSTRIAL DE GURABO,DO
WH0797,ERC BPO SRL,,797,Almacén,,,
WH0803,EURO DR DOOR GAVINETS S A,,803,Almacén,,DIRECCION GENERAL DE ADUANAS,DO
WH0807,EUROPEENNE INGENIERIE INSTALLATIONS E21 S A,,807,Almacén,,"PARQUE CIBERNÉTICO DE SANTO DOMINGO, S. A.",DO
WH0808,EUROSTIL SRL,,808,Almacén,,"Z.F. IND., SANTIAGO III",DO
WH0809,"EUROTEX, S.A.",,809,Almacén,,"Z.F. IND., SANTIAGO III",DO
WH0806,"EUROMOD, S.A.",,806,Almacén,,"Z.F. IND., SANTIAGO III",DO
WH0802,EURO COMPONENTS SUPPLIERS S A,,802,Almacén,,"Z.F. IND., SANTIAGO I",DO
WH0801,ETCHING ENTERPRISE SRL,,801,Almacén,,ZONA FRANCA INDUSTRIAL DE LA ROMANA I,DO
WH0805,EUROFRESH DOMINICANA SRL,,805,Almacén,,"Z.F. IND., BANI",DO
WH0810,EVIMAR LTD,,810,Almacén,,ZONA FRANCA INDUSTRIAL CARIBBEAN INDUSTRIAL PARK,DO
WH0804,EUROCARIBE LUBRICANTES S R L,,804,Almacén,,,
WH0813,EXPORTADORA AGRICOLA C POR A,,813,Almacén,,ADMINISTRACION HAINA ORIENTAL,DO
WH0814,EXPORTADORA BET-EL SRL,,814,Almacén,,DIRECCION GENERAL DE ADUANAS,DO
WH0818,EXPORTADORA JUAN REYES CUEVAS SRL,,818,Almacén,,DIRECCION GENERAL DE ADUANAS,DO
WH0819,EXPORTADORA KOMATSU ABREU C POR A,,819,Almacén,,DIRECCION GENERAL DE ADUANAS,DO
WH0820,"EXPORTADORA M Y F, SRL",,820,Almacén,,"EXPORTADORA M & F, S. R. L.",DO
WH0815,EXPORTADORA CRUZ BAUTISTA S A,,815,Almacén,,Z.F.ESP.EXPORTADORA CRUZ BAUTISTA(L,DO
WH0812,EXPORT ALUM INC S A,,812,Almacén,,ZONA FRANCA INDUSTRIAL LOS ALCARRIZOS,DO
WH0816,EXPORTADORA ISIDRO S A,,816,Almacén,,Z.F. ESP. EXPORTADORA ISIDRO (MOCA),DO
WH0817,EXPORTADORA ISIDRO S A,,817,Almacén,,Z.F. ESP. EXPORTADORA ISIDRO (MOCA),DO
WH0811,EXOTICFARM SRL,,811,Almacén,,,
WH0827,EXPRESS PARCEL SERVICE INTERNATIONAL INC,,827,Almacén,,AEROPUERTO INTERNACIONAL JOSE FRANCISCO PEÑA GOMEZ,DO
WH0821,"EXPORTADORA M Y F, SRL",,821,Almacén,,ADMINISTRACION HAINA ORIENTAL,DO
WH0828,F & T INDUSTRIES SRL,,828,Almacén,,DIRECCION GENERAL DE ADUANAS,DO
WH0826,EXPORTADORA YENNLY C POR A,,826,Almacén,,DIRECCION GENERAL DE ADUANAS,DO
WH0825,EXPORTADORA SERAFINO SRL (EXT. CAMBITA-GARABITOS),,825,Almacén,,"EXPORTADORA SERAFINO, S.R.L. (EXTENSION CAMBITA - GARABITOS)",DO
WH0823,EXPORTADORA SERAFINO C POR A,,823,Almacén,,"EXPORTADORA SERAFINO, S. R. L.",DO
WH0830,F A STATIONARY TRADING SRL,,830,Almacén,,"Z.F. IND., HAINAMOSA",DO
WH0822,EXPORTADORA O B A C POR A,,822,Almacén,,Z.F. ESP. EXPORTADORA OBA (LA VEGA),DO
WH0829,F & Y TRADING SRL,,829,Almacén,,ZONA FRANCA INDUSTRIAL CARIBBEAN INDUSTRIAL PARK,DO
WH0824,EXPORTADORA SERAFINO SRL,,824,Almacén,,,
WH0838,FAMILY RAGS COMPANY SRL,,838,Almacén,,ZONA FRANCA INDUSTRIAL DE HATILLO,DO
WH0832,F F D FRESH FRUIT DOMINICANA SRL,,832,Almacén,,ZONA FRANCA INDUSTRIAL BOCA DE MAO,DO
WH0839,FARMACIA INVERSIONES COSTA DE AMBAR,,839,Almacén,,"Z.F. IND., BAHIA DE MAIMON",DO
WH0833,F M INDUSTRIES S A,,833,Almacén,,"Z.F. IND., SANTIAGO I",DO
WH0831,F C A CORPORATION S A,,831,Almacén,,"Z.F. IND., SALCEDO",DO
WH0835,FABRICA DE GOMAS LG SRL,,835,Almacén,,"Z.F. IND., LOS ALCARRIZOS",DO
WH0834,FABIO JORGE INDUSTRIES C POR A,,834,Almacén,,"Z.F. IND., LA VEGA",DO
WH0840,FASST HOLDINGS SRL,,840,Almacén,,ZONA FRANCA INDUSTRIAL DE GURABO,DO
WH0836,FABRICA DE REFRIGERADORES COMERCIALES (FARCO),,836,Almacén,,Z.F. ESP. FARCO,DO
WH0837,FABRICA DE REFRIGERADORES COMERCIALES C POR A,,837,Almacén,,,
WH0841,FAST AUTO LOGISTICS FAL SAS,,841,Almacén,SANS SOUCI PORTS S A,ADMINISTRACION SANTO DOMINGO,DO
WH0843,FASTENAL COMPANY,,843,Almacén,,"PARQUE CIBERNÉTICO DE SANTO DOMINGO, S. A.",DO
WH0846,FELMAN GIFT & SOUVINERS SRL,,846,Almacén,,ZONA FRANCA INDUSTRIAL SAN PEDRO DE MACORÍS,DO
WH0847,FELMAN GIFT & SOUVINERS SRL,,847,Almacén,,ZONA FRANCA INDUSTRIAL SAN PEDRO DE MACORÍS,DO
WH0848,FENIX MANAGEMENT SERVICES LLC,,848,Almacén,,ZONA FRANCA INDUSTRIAL SAN PEDRO DE MACORÍS,DO
WH0849,FENIX MANUFACTURING SERVICES LLC,,849,Almacén,,ZONA FRANCA INDUSTRIAL SAN PEDRO DE MACORÍS,DO
WH0850,FENIX MANUFACTURING SOLUTIONS GMBH,,850,Almacén,,"Z.F. IND., SAN PEDRO DE MACORI",DO
WH0844,FASTENAL COMPANY,,844,Almacén,,"Z.F. IND., LAS AMERICAS",DO
WH0842,FASTENAL CANADA COMPANY,,842,Almacén,,,
WH0860,FL TECHNICS DOMINICAN REPUBLIC SAS,,860,Almacén,,PUNTA CANA FREE ZONE,DO
WH0851,FENIX TRADING,,851,Almacén,,Z.F. ESP. FENIX TRADINF (SDGO),DO
WH0857,FIRST FABRICS INC,,857,Almacén,,"Z.F. IND., VILLA MELLA",DO
WH0856,FINOS TEXTILES DOMINICANA S A,,856,Almacén,,"Z.F. IND., SANTIAGO I",DO
WH0855,FINAMER BUSINESS CORP,,855,Almacén,,"Z.F. IND., ROMANA I",DO
WH0858,FIVE STAR ENTERPRISES LTD,,858,Almacén,,"Z.F. IND., LA VEGA",DO
WH0853,FFG DOMINICANA SRL,,853,Almacén,,ZONA FRANCA INDUSTRIAL DE LA VEGA,DO
WH0852,"FENWAL INTERNATIONAL INC, ZFI ITABO",,852,Almacén,,ZONA FRANCA INDUSTRIAL DE SAN CRISTÓBAL (ITABO),DO
WH0854,FIGUEROA CARIBBEAN INDUSTRIES SRL,,854,Almacén,,ZONA FRANCA INDUSTRIAL DE HAINAMOSA,DO
WH0859,FK GLOBAL SRL,,859,Almacén,,,
WH0863,FLORDOM C POR A (MATERIAS PRIMAS),,863,Almacén,,DIRECCION GENERAL DE ADUANAS,DO
WH0864,"FLORDOM, C X A (PRODUCTOS TERMINADOS",,864,Almacén,,DIRECCION GENERAL DE ADUANAS,DO
WH0865,FLORES DE JARABACOA S A,,865,Almacén,,DIRECCION GENERAL DE ADUANAS,DO
WH0866,FLORES DEL SOL S A,,866,Almacén,,DIRECCION GENERAL DE ADUANAS,DO
WH0869,FOOD MANAGEMENT SERVICES S A,,869,Almacén,,Z.F.COMERCIAL LICEY,DO
WH0868,FOAM EXTRUCTURAL DOMINICANO S A,,868,Almacén,,ZONA FRANCA INDUSTRIAL DE VILLA ALTAGRACIA,DO
WH0867,FLYING TIES DOMINICANA S A,,867,Almacén,,ZONA FRANCA INDUSTRIAL SAN PEDRO DE MACORÍS,DO
WH0870,FOOD SERVICES INTERNATIONAL INC,,870,Almacén,,ZONA FRANCA INDUSTRIAL DE NIGUA,DO
WH0861,FLEX MANUFACTURING MAF SRL,,861,Almacén,,ZONA FRANCA INDUSTRIAL DE NAVARRETE,DO
WH0862,FLEXIBLE PACKAGING DOMINICANA C POR A,,862,Almacén,,,
WH0873,FRAGA IMPORTADORA SAS,,873,Almacén,,ADMINISTRACION HAINA ORIENTAL,DO
WH0874,FREEZY DOMINICANA (REFRIGERADO DOMINICANO),,874,Almacén,,ADMINISTRACION HAINA ORIENTAL,DO
WH0876,FRESH FRUIT HOLDINGS INC,,876,Almacén,,DIRECCION GENERAL DE ADUANAS,DO
WH0877,FRESH FRUIT HOLDINGS INC,,877,Almacén,,DIRECCION GENERAL DE ADUANAS,DO
WH0880,FRICORD INTERNATIONAL INC,,880,Almacén,,"Z.F. SANTIAGO II,NORTE(PISANO)",DO
WH0879,FRESHTEX DOMINICANA INC,,879,Almacén,,"Z.F. IND., SANTIAGO III",DO
WH0871,FOT MANUFACTURING SRL,,871,Almacén,,ZONA FRANCA INDUSTRIAL PUERTO PLATA,DO
WH0875,FRESH DIRECTIONS DOMINICANA S A,,875,Almacén,,Z.F. ESPECIAL HAINA,DO
WH0872,"FOXHILL INTERNATIONAL INC, Aeropuerto Internacional Punta Cana",,872,Almacén,,ZONAS FRANCAS COMERCIALES,DO
WH0878,FRESH REPUBLIC PRODUCE SRL,,878,Almacén,,,
WH0882,FRITO-LAY DOMINICANA S A,,882,Almacén,,DIRECCION GENERAL DE ADUANAS,DO
WH0883,FRITO-LAY DOMINICANA S A,,883,Almacén,,DIRECCION GENERAL DE ADUANAS,DO
WH0884,FRITO-LAY DOMINICANA S A,,884,Almacén,,DIRECCION GENERAL DE ADUANAS,DO
WH0885,FRUECODOM S R L,,885,Almacén,,DIRECCION GENERAL DE ADUANAS,DO
WH0886,FRUTALES CABI REALTY S A,,886,Almacén,,DIRECCION GENERAL DE ADUANAS,DO
WH0887,FRUTAS Y VEGETALES DEL NORTE FRUVENOR SRL,,887,Almacén,,DIRECCION GENERAL DE ADUANAS,DO
WH0888,FRUTAS Y VEGETALES DEL NORTE FRUVENOR SRL,,888,Almacén,,DIRECCION GENERAL DE ADUANAS,DO
WH0889,FRUTAS Y VEGETALES MICARDI SRL,,889,Almacén,,DIRECCION GENERAL DE ADUANAS,DO
WH0881,FRIENDSHIP DEVELOPMENT GROUP SRL,,881,Almacén,,ZONA FRANCA INDUSTRIAL DE HATILLO,DO
WH0890,FTSA DOMINICANA S A,,890,Almacén,,,
WH0896,FYMSA DEL CARIBE SRL,,896,Almacén,,"Z.F. SANTIAGO II,NORTE(PISANO)",DO
WH0900,G & V RAGS SRL,,900,Almacén,,Z.F. SAN CRISTOBAL(LA ARMERIA),DO
WH0894,FULL PACKING 3H DEL CARIBE SRL,,894,Almacén,,ZONA FRANCA INDUSTRIAL TAMBORIL,DO
WH0893,"FUENTE CIGAR LTD,SANTIAGO III",,893,Almacén,,"Z.F. IND., SANTIAGO III",DO
WH0891,"FUENTE CIGAR LTD, SANTIAGO I",,891,Almacén,,"Z.F. IND., SANTIAGO I",DO
WH0899,G & K SERVICES,,899,Almacén,,ZONA FRANCA INDUSTRIAL DE SAN ISIDRO,DO
WH0897,"FZC SERVICES, INC.",,897,Almacén,,"Z.F. IND., SAN CRISTOBAL(NIGUA)",DO
WH0898,G & G ESPERANZA SRL,,898,Almacén,,ZONA FRANCA INDUSTRIAL DE ESPERANZA,DO
WH0892,"FUENTE CIGAR LTD, VILLA GONZALEZ",,892,Almacén,,ZONAS FRANCAS INDUSTRIALES,DO
WH0895,FUTURE LINK INC,,895,Almacén,,,
WH0903,GADID FARMS C POR A,,903,Almacén,,DIRECCION GENERAL DE ADUANAS,DO
WH0904,"GAI GRUPO AGRICOLA INTERNACIONAL, S. A.",,904,Almacén,,DIRECCION GENERAL DE ADUANAS,DO
WH0910,GARSIM S A,,910,Almacén,,DIRECCION GENERAL DE ADUANAS,DO
WH0901,G S O GLOBAL SERVICES OFFSHORING,,901,Almacén,,G S O GLOBAL SERVICES OFFSHORING,DO
WH0907,GALE SAMANA 2012 S A,,907,Almacén,,ZONA FRANCA BAHIA DE MAIMON,DO
WH0902,GA TEXTIL INDUSTRY GATEX SRL,,902,Almacén,,ZONA FRANCA DE EXPORTACIÓN LA ARMERÍA,DO
WH0908,GARMI SPORTS INC,,908,Almacén,,"Z.F. IND., MOCA",DO
WH0909,GARMY SPORTS PRODUCTS LLC,,909,Almacén,,"Z.F. IND., MOCA",DO
WH0906,GALBRAITH CORPORATION SRL,,906,Almacén,,ZONAS FRANCAS INDUSTRIALES,DO
WH0905,GAIA ORGANICS,,905,Almacén,,,
WH0917,GENERAL CIGAR DOMINICANA SAS,,917,Almacén,,"Z.F. IND., SANTIAGO III",DO
WH0916,GENERAL CIGAR DOMINICANA SAS,,916,Almacén,,"Z.F. IND., SANTIAGO I",DO
WH0920,GENERAL SHOES DR CORP,,920,Almacén,,"Z.F. IND., SANTIAGO I",DO
WH0913,GATOR MILLS INC,,913,Almacén,,ZONA FRANCA INDUSTRIAL SAN PEDRO DE MACORÍS,DO
WH0912,GATEKEEPER OBSERVATION DIVICION,,912,Almacén,,ZONA FRANCA INDUSTRIAL DE NAVARRETE,DO
WH0915,General Cigar,,915,Almacén,,"Z.F. IND., LAS PALMAS (STGO)",DO
WH0911,GARWARE HEALTHCARE S A S,,911,Almacén,,ZONA FRANCA INDUSTRIAL CARIBBEAN INDUSTRIAL PARK,DO
WH0918,GENERAL CIGAR DOMINICANA SAS,,918,Almacén,,ZONAS FRANCAS INDUSTRIALES,DO
WH0919,GENERAL CIGAR DOMINICANA SAS,,919,Almacén,,ZONAS FRANCAS INDUSTRIALES,DO
WH0914,GBH DOMINICANA SRL,,914,Almacén,,,
WH0932,GLOBAL CIGARS GROUP GCG SRL,,932,Almacén,,ZONA FRANCA INDUSTRIAL LA HABANERA (STGO.),DO
WH0938,GLOBAL CONSULTING WORLDWIDE S A,,938,Almacén,,"PARQUE CIBERNÉTICO DE SANTO DOMINGO, S. A.",DO
WH0937,GLOBAL CLOTHING MANUFACTURING CORP.,,937,Almacén,,"Z.F. IND., SANTIAGO I",DO
WH0940,GLOBAL RESOURCES INTERNATIONAL DOMINICANA GRID SRL,,940,Almacén,,ZONA FRANCA INDUSTRIAL DE LA ROMANA II,DO
WH0933,GLOBAL CIGARS GROUP GCG SRL,,933,Almacén,,ZONA FRANCA INDUSTRIAL DE NAVARRETE,DO
WH0931,GLOBAL CIGARS GROUP GCG SRL,,931,Almacén,,ZONA FRANCA INDUSTRIAL DE ESPERANZA,DO
WH0934,GLOBAL CIGARS GROUP GCG SRL,,934,Almacén,,ZONA FRANCA INDUSTRIAL DE BONAO,DO
WH0935,GLOBAL CIGARS GROUP GCG SRL,,935,Almacén,,ZONA FRANCA INDUSTRIAL DE BANI,DO
WH0936,GLOBAL CIGARS GROUP GCG SRL,,936,Almacén,,ZONA FRANCA INDUSTRIAL LUNA,DO
WH0939,GLOBAL MARKETING WORLDWIDE SA,,939,Almacén,,,
WH0944,GLOBAL STORAGE SRL,,944,Almacén,DIRECCION GENERAL DE ADUANAS,ADMINISTRACION HAINA ORIENTAL,DO
WH0947,GLOBAL STORAGE SRL,,947,Almacén,,ADMINISTRACION HAINA ORIENTAL,DO
WH0945,GLOBAL STORAGE SRL,,945,Almacén,ADMINISTRACION SANTO DOMINGO,ADMINISTRACION SANTO DOMINGO,DO
WH0946,GLOBAL STORAGE SRL,,946,Almacén,,ADMINISTRACION SANTO DOMINGO,DO
WH0948,GLOBAL TECHNOLOGY GROUP,,948,Almacén,,"Z.F. IND., SANTIAGO I",DO
WH0942,GLOBAL RESOURCES INTERNATIONAL DOMINICANA GRID SRL (EXTENSION SAN PEDRO DE MACORIS),,942,Almacén,,ZONA FRANCA INDUSTRIAL SAN PEDRO DE MACORÍS,DO
WH0941,GLOBAL RESOURCES INTERNATIONAL DOMINICANA GRID SRL (Ext. Multimodal Caucedo),,941,Almacén,,ZONA FRANCA INDUSTRIAL DE LA ROMANA II,DO
WH0943,GLOBAL SOUVENIRS I & E SRL,,943,Almacén,,ZONA FRANCA INDUSTRIAL PUERTO PLATA,DO
WH0950,GLOBAL ZONA FRANCA INDUSTRIAL S A,,950,Almacén,,"Z.F. IND., GLOBAL",DO
WH0949,GLOBAL TOBACCO GROUP GTG SRL,,949,Almacén,,,
WH0954,GLOWTOUCH DR SRL,,954,Almacén,,"Z.F. GLOWTOUCH DR, S. R. L. (EXT. DISTRITO NACIONAL)",DO
WH0955,GLOWTOUCH DR SRL,,955,Almacén,,ZONA FRANCA TECNOLOGICA DE HERRERA,DO
WH0951,GLOBCOM CORPORATION S A,,951,Almacén,,Z.F.ESP.CALL CENTER GLOBCOM CORPORA,DO
WH0952,GLOBE OVERSEAS BUSINESS CORP,,952,Almacén,,"Z.F. SANTIAGO II,NORTE(PISANO)",DO
WH0958,GOLD FACTORY DOMINICANA SRL,,958,Almacén,,ZONA FRANCA INDUSTRIAL TAMBORIL,DO
WH0957,"GM KNITS S A, SANTIAGO III",,957,Almacén,,"Z.F. IND., SANTIAGO III",DO
WH0956,GM KNITS S A,,956,Almacén,,"Z.F. IND., SANTIAGO I",DO
WH0959,GOLD FISHING TACKLE SRL,,959,Almacén,,ZONA FRANCA INDUSTRIAL LOS ALCARRIZOS,DO
WH0953,GLOPAX CORPORATION SRL,,953,Almacén,,PARQUE TECNOLÓGICO DE SANTIAGO,DO
WH0960,GOLD STAR INTERNATIONAL A V V,,960,Almacén,,,
WH0963,GOMAS Y PLASTICOS C POR A,,963,Almacén,,DIRECCION GENERAL DE ADUANAS,DO
WH0964,GOMEZ SARANTE MANUFACTURING,,964,Almacén,,ZONA FRANCA SANTIAGO - NAVARRETE (PISANO),DO
WH0962,GOLDEN INTERNATIONAL SUPPLY SRL,,962,Almacén,,ZONA FRANCA SANTIAGO - NAVARRETE (PISANO),DO
WH0967,GOOD BOX DOMINICANA S A,,967,Almacén,,"Z.F. IND., TAMBORIL(STGO)",DO
WH0968,"GOOD TIMES DOMINICANA, S A",,968,Almacén,,"Z.F. IND., SANTIAGO I",DO
WH0966,"GOMMA DOMINICANA, INC.",,966,Almacén,,"Z.F. IND., SANTIAGO I",DO
WH0970,GOSOBA SRL,,970,Almacén,,ZONA FRANCA INDUSTRIAL DE NIGUA,DO
WH0969,GOODSTAR INVESTMENTS S A,,969,Almacén,,"Z.F. IND., LAS AMERICAS",DO
WH0965,GOMMA DOMINICANA INC,,965,Almacén,,ZONA FRANCA INDUSTRIAL DE GURABO,DO
WH0961,GOLDEN INTERNATIONAL SUPPLY SRL,,961,Almacén,,,
WH0971,GOUGH E HIJOS S A,,971,Almacén,,DIRECCION GENERAL DE ADUANAS,DO
WH0974,GOYA SANTO DOMINGO S A,,974,Almacén,,DIRECCION GENERAL DE ADUANAS,DO
WH0977,GRADINOX C POR A,,977,Almacén,,DIRECCION GENERAL DE ADUANAS,DO
WH0979,GRANOS NACIONALES S A,,979,Almacén,,DIRECCION GENERAL DE ADUANAS,DO
WH0980,"GRANOS NACIONALES S A (HAINA, SAN CRISTOBAL)",,980,Almacén,,DIRECCION GENERAL DE ADUANAS,DO
WH0972,GOVELIT CORPORATION S A,,972,Almacén,,Z.F. ESPECIAL GOVELIT,DO
WH0978,GRAND ISLAND GROUP S A,,978,Almacén,,"Z.F. IND., SANTIAGO I",DO
WH0975,GRAB AT THE GATE 10 (A I G L),,975,Almacén,,Z.F. COMERCIALES PTO. PTA.,DO
WH0976,GRAB AT THE GATE 6 (A I G L),,976,Almacén,,Z.F. COMERCIALES PTO. PTA.,DO
WH0973,GOVELIT CORPORATION SRL,,973,Almacén,,,
WH0981,GRANOS NACIONALES S A (SAN JOSE DE OCOA),,981,Almacén,,DIRECCION GENERAL DE ADUANAS,DO
WH0990,GRUPO BANAMIEL S A,,990,Almacén,,DIRECCION GENERAL DE ADUANAS,DO
WH0986,GREEN ZONE LOGISTICS GZL SRL,,986,Almacén,,PUNTA CANA FREE ZONE,DO
WH0988,GROWRITE DR SRL,,988,Almacén,,Z.F. ESP. GROWHITE (NAGUA),DO
WH0987,GROB PHARMA CORP,,987,Almacén,,"PARQUE CIBERNÉTICO DE SANTO DOMINGO, S. A.",DO
WH0989,GRUPO ASTANA SRL,,989,Almacén,,Z.F. PARQUE INDUSTRIAL LA PALMA,DO
WH0985,GREEN GOLD RECYCLING SRL,,985,Almacén,,"Z.F. IND., HAINAMOSA",DO
WH0982,GRAVITA DOMINICAN SAS,,982,Almacén,,ZONA FRANCA INDUSTRIAL DE BONAO,DO
WH0983,GREATER GOODS CARIBBEAN SRL,,983,Almacén,,ZONA FRANCA INDUSTRIAL CARIBBEAN INDUSTRIAL PARK,DO
WH0984,GREEN GLOBAL SOURCE GGS SRL,,984,Almacén,,,
WH0992,GRUPO EBENEZER C POR A,,992,Almacén,,DIRECCION GENERAL DE ADUANAS,DO
WH0995,GRUPO IMPRESIONES S A,,995,Almacén,,DIRECCION GENERAL DE ADUANAS,DO
WH0996,GRUPO LLANO ALTO SRL,,996,Almacén,,DIRECCION GENERAL DE ADUANAS,DO
WH0994,GRUPO GRAF SRL,,994,Almacén,,ZONA FRANCA INDUSTRIAL VILLA TAPIA,DO
WH0997,GRUPO LOGISTICO DE CARGA DOMINICANO GRULOCARD SRL,,997,Almacén,,ZONA FRANCA SANTIAGO - NAVARRETE (PISANO),DO
WH0993,GRUPO EXPERTIX SRL,,993,Almacén,,ZONA FRANCA DE EXPORTACIÓN LA ARMERÍA,DO
WH0991,GRUPO BASILEA INTERNATIONAL SRL,,991,Almacén,,"Z.F. IND., LA VEGA",DO
WH0998,"Grupo M - AM Industries, S.A. (Haiti)",,998,Almacén,,Z.F. CODEVI,DO
WH0999,"Grupo M - Fabrik Wanament, Inc. (Haiti)",,999,Almacén,,Z.F. CODEVI,DO
WH1000,"Grupo M - MD Industries, S.A. (Haiti)",,1000,Almacén,,,
